userId,movieId,cost,timestamp
387,5348,10.44,2024-10-10 15:15:27
292,982,11.21,2024-08-25 12:03:40
472,107910,11.9,2024-04-08 11:42:11
127,3435,11.12,2024-06-13 08:12:21
654,154,9.2,2024-05-05 19:58:28
101,33903,9.2,2024-01-27 03:16:45
253,2985,11.69,2024-09-23 08:18:46
372,824,9.88,2024-03-08 09:49:38
498,77455,11.96,2024-04-12 20:45:33
353,1564,11.89,2024-12-28 01:29:07
206,4890,10.0,2024-11-10 10:41:59
352,1523,10.34,2024-11-13 19:33:51
33,3185,11.22,2024-02-27 00:17:04
169,76091,9.11,2024-10-26 07:41:40
137,61167,9.68,2024-04-07 09:23:10
132,6163,9.69,2024-01-15 23:16:55
38,1264,11.88,2024-04-26 01:04:06
59,2951,10.32,2024-03-21 21:27:36
77,55290,11.12,2024-06-08 00:45:01
434,5839,11.63,2024-11-25 09:10:24
510,1265,11.11,2024-12-20 18:02:15
243,2717,11.44,2024-11-05 03:58:44
162,4217,9.94,2024-08-08 07:41:38
617,160718,9.71,2024-03-21 12:51:41
380,2929,10.3,2024-09-30 18:44:58
370,96610,10.48,2024-06-27 08:26:34
255,3820,9.69,2024-01-07 05:32:00
333,2025,11.2,2024-10-22 01:05:11
305,509,10.62,2024-05-12 14:33:04
595,559,11.95,2024-10-16 18:44:45
119,150401,11.7,2024-08-11 05:15:42
575,1305,11.57,2024-10-16 09:48:17
475,46974,9.92,2024-12-08 11:42:40
618,99795,11.94,2024-02-16 04:31:05
382,3911,11.85,2024-09-10 05:57:13
606,14,10.94,2024-11-27 20:21:34
614,4933,11.13,2024-02-28 06:28:07
574,680,10.22,2024-03-19 20:06:51
610,6273,10.67,2024-09-08 13:43:09
634,7307,10.8,2024-03-17 14:40:07
131,118900,11.45,2024-09-09 03:44:26
222,4291,10.46,2024-03-25 10:50:07
610,2906,9.46,2024-10-03 19:35:44
121,3197,11.1,2024-01-22 18:34:23
619,5107,11.93,2024-06-15 00:46:52
555,3950,10.68,2024-05-04 19:50:29
151,2674,11.18,2024-07-19 15:53:49
222,7771,10.93,2024-12-14 11:05:27
557,568,10.17,2024-05-25 15:26:36
49,3602,11.52,2024-01-28 08:30:35
163,1212,11.23,2024-07-30 01:34:45
233,5746,11.78,2024-08-22 02:50:35
230,21,10.47,2024-05-29 08:09:10
228,55207,9.79,2024-08-03 05:07:38
28,2352,9.82,2024-10-03 02:05:50
338,80839,11.65,2024-10-06 06:09:45
26,7072,10.95,2024-06-21 19:31:12
69,46850,9.25,2024-01-03 23:22:38
86,736,10.95,2024-11-19 19:55:08
489,8947,11.36,2024-02-21 08:14:21
577,3200,9.18,2024-05-15 03:28:00
415,27423,9.92,2024-08-28 09:12:39
562,110102,11.27,2024-08-06 00:51:35
240,101850,9.37,2024-09-11 12:15:46
136,4081,9.22,2024-02-16 15:28:34
215,438,9.8,2024-10-20 19:17:09
553,8158,10.45,2024-06-18 21:40:56
276,3190,11.26,2024-05-29 02:39:18
500,112653,9.2,2024-09-10 15:50:33
414,2855,11.47,2024-09-10 06:22:13
466,6365,11.12,2024-11-13 00:57:32
163,1460,10.47,2024-04-01 06:11:48
499,4866,9.86,2024-11-16 12:42:11
249,956,9.69,2024-08-18 04:10:52
467,1845,10.68,2024-08-05 04:55:25
595,56274,9.36,2024-10-05 23:55:14
349,68835,10.4,2024-01-18 17:14:06
605,44840,10.36,2024-07-01 07:16:46
184,95475,9.52,2024-08-16 02:05:20
382,152091,10.75,2024-10-31 20:31:16
61,2532,11.51,2024-07-02 03:13:32
212,6377,10.11,2024-11-20 19:41:58
514,1317,11.9,2024-12-25 10:11:28
341,494,9.41,2024-07-06 11:22:17
620,69821,9.62,2024-06-04 10:27:30
113,2989,11.65,2024-02-10 11:27:43
307,1654,11.54,2024-10-20 23:27:03
474,5378,10.97,2024-12-18 20:02:28
42,78111,9.88,2024-09-23 22:54:04
648,5000,9.1,2024-04-11 10:25:00
544,2014,11.49,2024-08-06 20:24:17
158,103688,11.13,2024-05-25 21:01:42
130,2058,9.35,2024-06-17 11:23:31
367,129313,10.12,2024-05-13 15:19:07
607,133281,11.97,2024-08-29 08:07:32
431,61026,10.6,2024-10-10 13:24:07
448,4239,9.71,2024-11-22 10:28:23
336,86,10.94,2024-03-16 09:31:24
587,7075,10.88,2024-09-09 20:45:46
451,1427,9.67,2024-08-20 17:17:22
311,2875,9.59,2024-12-19 11:54:35
530,33138,9.47,2024-03-17 08:19:35
665,6538,11.57,2024-04-15 01:00:45
278,74089,11.11,2024-10-09 02:54:19
530,2104,10.65,2024-12-13 03:41:29
400,106100,11.53,2024-06-21 06:29:18
526,89343,9.94,2024-03-20 15:02:08
223,2991,9.11,2024-04-17 03:15:25
369,2901,10.3,2024-03-19 04:44:23
336,3182,10.13,2024-08-31 04:00:00
363,4446,10.46,2024-07-07 17:24:53
464,91978,9.12,2024-02-22 09:22:48
596,51127,10.29,2024-02-06 08:37:02
47,52885,10.87,2024-08-04 00:17:23
442,56145,11.69,2024-10-16 16:22:50
168,36152,10.3,2024-12-30 05:39:33
66,1304,9.41,2024-10-19 16:23:48
464,568,10.74,2024-03-18 03:14:11
455,2828,11.56,2024-05-09 19:43:10
378,3200,10.26,2024-09-06 20:10:53
170,40614,9.55,2024-03-10 03:49:59
219,7086,11.25,2024-04-21 05:44:57
69,3516,10.21,2024-04-23 11:00:29
196,61123,9.18,2024-05-10 12:46:41
41,3017,10.3,2024-02-10 22:00:54
470,3717,9.14,2024-08-11 12:23:54
604,5344,9.2,2024-12-14 03:18:32
623,56869,11.5,2024-02-10 14:11:12
316,3484,9.2,2024-06-30 00:13:49
376,26151,11.52,2024-11-13 21:39:52
402,32943,10.9,2024-10-07 17:12:16
180,4437,9.22,2024-11-21 10:05:29
423,80219,9.94,2024-02-18 04:50:51
465,7073,11.76,2024-07-04 15:55:12
550,55768,10.38,2024-10-09 12:14:04
45,39398,9.29,2024-01-12 08:34:55
186,3499,11.98,2024-01-06 23:48:04
91,6920,11.0,2024-11-08 14:14:05
618,4211,10.95,2024-12-02 19:56:38
391,93326,11.21,2024-01-16 08:36:53
371,48268,10.29,2024-11-11 22:32:16
339,96007,9.6,2024-08-11 23:04:21
250,3476,10.38,2024-09-01 10:41:19
532,90866,11.77,2024-04-24 14:46:20
604,91890,10.48,2024-10-10 17:49:24
192,86982,10.16,2024-03-18 00:48:51
412,128606,10.11,2024-03-17 04:16:42
374,109742,11.69,2024-10-03 07:52:56
90,4378,9.57,2024-06-25 13:13:16
215,6291,10.55,2024-11-22 19:10:01
655,3701,10.23,2024-02-06 01:11:08
476,86835,11.42,2024-03-08 13:32:25
334,26012,11.91,2024-07-01 21:41:20
37,103539,10.6,2024-05-18 22:30:11
377,3654,9.1,2024-03-13 22:45:47
292,25962,10.63,2024-06-22 22:59:44
638,4774,9.85,2024-10-23 19:00:47
357,8370,9.57,2024-10-02 07:16:58
288,3627,9.11,2024-02-07 11:40:11
516,31923,11.56,2024-03-20 02:07:07
548,5694,9.39,2024-03-07 04:07:49
4,1060,10.77,2024-11-07 02:03:09
216,1933,10.13,2024-11-13 02:48:35
31,130580,11.8,2024-05-16 04:12:00
493,4735,10.9,2024-12-22 13:41:17
156,2374,11.68,2024-09-24 13:57:02
558,670,11.44,2024-05-27 14:07:43
414,1191,11.41,2024-08-20 23:51:05
547,3812,10.62,2024-11-28 04:25:41
573,2562,11.63,2024-09-30 23:14:18
443,3860,9.15,2024-11-28 01:53:11
487,201,10.16,2024-05-20 22:24:51
475,80615,9.83,2024-01-25 08:34:46
669,72386,9.54,2024-12-13 06:24:47
230,538,10.65,2024-01-17 09:14:23
262,98615,10.35,2024-09-01 05:47:11
567,1277,9.7,2024-07-15 05:39:26
180,8958,10.36,2024-07-20 03:54:21
435,61132,10.1,2024-07-09 03:05:36
305,106489,11.39,2024-05-11 20:56:37
604,2837,11.14,2024-09-16 04:10:20
271,1896,10.83,2024-03-22 22:41:18
618,2799,10.57,2024-09-27 02:02:26
172,99764,10.1,2024-12-25 22:01:17
127,7958,10.83,2024-10-18 08:17:20
94,552,10.1,2024-09-24 09:09:40
635,7574,10.69,2024-05-30 18:35:33
416,1060,11.2,2024-09-14 04:26:16
140,3587,10.63,2024-07-28 14:52:52
263,8765,9.8,2024-07-01 11:17:13
255,2322,11.85,2024-03-21 22:08:56
655,26555,11.27,2024-06-06 19:16:06
200,47629,10.74,2024-07-11 10:06:29
338,2182,11.24,2024-04-25 11:36:41
67,4561,10.46,2024-10-08 21:56:42
607,1215,10.6,2024-02-29 19:01:04
335,140755,10.26,2024-05-11 10:58:20
150,3726,9.56,2024-07-15 10:18:44
137,3686,11.12,2024-03-31 13:07:47
670,102716,9.75,2024-09-15 22:21:21
633,30,10.3,2024-05-08 22:03:18
385,389,10.15,2024-07-25 21:37:19
445,1320,11.53,2024-01-26 16:36:10
140,3608,10.89,2024-12-18 11:20:28
505,33639,11.37,2024-09-27 14:04:40
130,1327,11.92,2024-01-29 22:01:16
487,149606,10.13,2024-02-22 13:05:21
40,48698,10.46,2024-02-09 20:22:06
557,4451,10.63,2024-02-16 08:03:54
411,2531,10.19,2024-12-16 01:15:01
328,63629,11.82,2024-05-28 09:31:39
664,107953,11.64,2024-07-01 17:07:26
42,2059,10.81,2024-08-16 14:49:08
299,4816,11.88,2024-05-16 23:46:51
206,106916,11.93,2024-03-06 21:18:58
131,5707,11.43,2024-09-26 12:39:29
306,93422,10.77,2024-03-06 06:22:29
109,2504,9.96,2024-05-06 12:47:12
412,86320,10.91,2024-11-29 23:41:42
574,2182,10.68,2024-12-17 18:34:32
203,3171,10.81,2024-04-24 20:45:01
620,25996,10.3,2024-10-05 04:49:30
330,302,10.71,2024-01-23 07:20:51
238,3754,10.79,2024-01-08 08:44:26
311,25744,9.98,2024-02-29 23:42:40
526,106540,10.87,2024-08-25 20:25:37
223,6796,11.54,2024-05-15 21:27:08
621,4821,10.97,2024-08-01 14:19:22
298,5384,9.33,2024-05-20 12:42:04
311,94939,9.74,2024-12-15 01:39:15
634,7354,9.4,2024-10-16 11:49:08
267,748,9.64,2024-11-03 11:08:21
79,1648,11.5,2024-07-30 09:32:20
48,6987,9.29,2024-07-04 04:27:39
306,2289,10.55,2024-08-02 21:24:51
434,37380,10.46,2024-09-13 04:49:02
456,1068,11.59,2024-07-17 07:24:35
436,8675,9.46,2024-12-11 13:17:28
74,4155,11.52,2024-11-11 10:45:26
225,43838,10.3,2024-11-14 15:18:19
234,7079,9.23,2024-02-12 11:59:56
272,79469,11.64,2024-08-21 22:32:17
639,1999,9.42,2024-09-08 01:25:57
483,4941,11.46,2024-06-10 05:52:23
161,7706,10.4,2024-05-16 01:32:21
343,44828,9.46,2024-06-25 18:29:20
171,2091,10.62,2024-10-28 02:13:06
238,47384,10.7,2024-01-11 09:09:32
334,8537,10.36,2024-04-07 00:41:30
653,3635,11.67,2024-12-16 08:27:26
192,6101,9.12,2024-05-16 20:35:42
536,328,9.25,2024-12-16 11:13:22
130,5615,9.77,2024-05-10 01:44:19
633,8531,9.9,2024-10-01 22:38:29
473,85510,11.2,2024-11-05 10:23:50
230,72395,10.85,2024-03-19 03:30:08
266,1703,9.59,2024-04-26 15:31:36
32,72043,9.84,2024-03-03 14:37:05
8,6058,10.62,2024-11-03 20:54:13
153,4088,10.22,2024-08-20 14:09:22
321,2020,11.81,2024-10-02 17:28:24
320,2921,9.6,2024-07-23 21:50:38
8,68838,9.81,2024-05-04 02:18:48
415,63072,10.12,2024-04-21 16:56:26
572,26052,9.57,2024-10-23 17:32:25
269,3736,11.15,2024-07-06 21:40:30
97,102252,10.33,2024-02-10 05:09:32
71,1938,9.19,2024-12-16 12:43:13
610,7152,10.18,2024-11-12 08:24:46
96,32525,11.21,2024-09-18 17:34:50
60,300,9.2,2024-09-19 00:04:00
565,5404,10.93,2024-01-05 22:05:31
474,103984,10.69,2024-01-30 07:23:59
525,53024,11.96,2024-07-04 21:14:20
644,4560,11.48,2024-03-24 12:24:14
81,926,10.16,2024-12-19 04:04:05
668,95115,10.29,2024-01-08 13:28:40
352,610,11.2,2024-02-21 14:55:41
233,1380,9.48,2024-01-23 16:38:13
67,26086,9.1,2024-08-26 03:11:58
177,101895,9.98,2024-12-20 05:50:29
445,186,11.51,2024-11-10 19:42:25
35,89745,11.5,2024-10-09 00:57:33
293,668,9.8,2024-10-31 21:28:22
260,80026,10.3,2024-11-28 20:52:30
197,113565,11.71,2024-06-02 19:12:15
109,5383,9.32,2024-08-29 18:12:03
630,4000,10.64,2024-09-04 06:50:25
177,3238,11.52,2024-06-23 09:54:56
577,91548,9.38,2024-12-05 02:47:25
236,51080,10.4,2024-02-05 10:22:49
69,920,10.98,2024-11-16 03:25:46
32,8772,9.19,2024-05-22 04:02:13
286,26094,9.57,2024-01-02 11:40:59
262,3497,10.39,2024-07-26 19:50:38
87,51931,9.45,2024-04-21 02:18:36
636,3608,10.15,2024-10-12 11:17:00
278,92234,10.91,2024-02-09 00:00:45
634,73344,10.31,2024-03-19 03:25:41
506,1721,9.16,2024-05-06 03:13:52
67,3768,11.46,2024-04-27 00:21:20
129,2835,11.81,2024-10-27 23:49:56
111,603,10.6,2024-04-20 22:54:40
512,40851,11.44,2024-04-03 01:58:46
349,33838,11.12,2024-01-26 03:09:29
321,1408,11.9,2024-12-09 00:39:14
394,6474,9.5,2024-09-20 18:14:12
8,2100,10.25,2024-08-13 19:42:12
583,2263,10.97,2024-05-30 04:37:43
42,152844,10.27,2024-04-09 08:13:19
84,2241,11.8,2024-03-18 14:50:48
599,8188,10.9,2024-10-06 14:17:07
385,58301,10.75,2024-10-23 20:38:05
21,120392,11.12,2024-05-29 00:38:03
208,26472,11.7,2024-06-24 00:56:54
569,59,11.78,2024-04-10 15:08:20
81,2303,10.62,2024-10-25 00:16:59
357,1606,10.44,2024-02-01 03:19:57
513,67193,10.27,2024-01-16 01:25:55
112,45028,11.61,2024-04-05 05:21:15
605,2089,9.47,2024-09-22 14:24:44
385,55100,9.2,2024-09-30 13:11:30
296,62203,9.13,2024-05-20 22:01:14
195,52579,10.66,2024-04-21 13:30:50
667,3969,11.15,2024-12-18 08:50:46
361,4837,10.41,2024-01-20 15:07:25
46,3707,9.64,2024-07-19 14:15:53
247,127204,11.52,2024-05-12 00:20:13
11,91485,10.3,2024-07-18 06:59:58
8,1798,10.62,2024-11-11 20:40:47
37,2494,10.22,2024-07-03 21:22:49
235,2428,9.6,2024-09-02 23:19:52
391,51418,11.4,2024-02-20 09:02:34
593,4011,10.97,2024-01-13 07:28:14
278,130970,11.28,2024-05-03 01:37:23
153,81562,10.37,2024-04-01 08:19:24
480,106473,11.15,2024-12-04 17:15:20
384,82934,10.65,2024-07-17 21:37:27
569,40278,9.54,2024-01-31 19:14:19
318,7027,9.9,2024-12-25 00:18:27
479,49932,10.66,2024-09-02 10:41:26
555,5348,9.68,2024-12-28 09:54:58
507,3257,11.88,2024-06-12 14:45:03
361,115713,11.69,2024-08-03 04:51:41
508,26663,10.53,2024-02-13 13:47:59
563,1055,11.11,2024-09-22 13:01:46
322,202,10.71,2024-05-20 16:02:51
606,62331,10.52,2024-07-20 09:18:25
471,3568,9.27,2024-12-24 03:45:59
435,3057,10.69,2024-04-16 15:37:48
617,2312,10.65,2024-01-14 19:08:25
3,106022,11.42,2024-12-07 03:56:08
383,2835,9.13,2024-02-11 17:17:32
451,548,9.6,2024-11-09 01:45:30
435,160438,10.8,2024-02-15 13:08:59
484,68838,11.36,2024-08-07 02:05:49
533,6446,11.38,2024-03-15 05:20:59
134,1041,11.66,2024-09-29 06:04:53
340,71156,11.38,2024-02-17 20:41:51
596,5234,9.39,2024-04-10 12:14:37
325,802,11.38,2024-09-19 09:55:52
522,83132,9.54,2024-11-01 17:16:34
531,5308,10.77,2024-08-28 20:19:48
264,85412,11.94,2024-08-04 17:09:15
103,609,11.2,2024-04-05 02:51:09
62,1327,11.79,2024-02-29 19:29:51
277,31408,9.64,2024-07-20 08:44:46
45,936,9.29,2024-06-07 03:31:59
211,4920,10.3,2024-02-15 03:45:04
594,2899,11.34,2024-03-20 01:02:21
597,93498,10.51,2024-04-12 23:58:35
242,77291,11.64,2024-01-25 23:47:16
654,96448,9.16,2024-10-12 05:32:19
305,2620,10.12,2024-06-18 00:09:40
190,3770,9.23,2024-11-12 05:26:25
11,53121,11.43,2024-08-14 16:01:39
341,4617,10.14,2024-06-27 22:37:11
168,5600,10.44,2024-10-10 22:21:21
61,3805,10.79,2024-02-13 06:38:21
115,3344,11.9,2024-12-20 11:06:47
356,7206,11.84,2024-09-17 20:37:23
417,5230,9.2,2024-10-12 22:55:34
179,6016,9.93,2024-03-18 12:56:50
66,4567,11.86,2024-01-10 10:14:07
20,5088,10.48,2024-08-20 04:47:16
13,2344,11.94,2024-10-24 06:31:52
335,1405,10.12,2024-03-15 21:18:07
246,26915,9.19,2024-12-22 08:42:45
544,5182,9.93,2024-10-12 05:12:17
488,3611,10.7,2024-04-11 07:19:54
437,7173,9.9,2024-06-12 12:29:26
639,139130,9.35,2024-06-15 14:44:26
280,70201,11.38,2024-01-29 03:24:02
279,31437,10.14,2024-09-21 03:03:03
51,2405,9.35,2024-01-17 00:05:40
92,8675,10.8,2024-10-24 10:51:16
586,1455,9.18,2024-06-12 04:41:26
90,1060,10.11,2024-02-06 15:59:00
183,38499,9.47,2024-02-06 22:40:33
93,4642,10.75,2024-01-14 06:41:08
584,4696,11.9,2024-09-27 19:29:37
82,2496,10.36,2024-10-08 08:11:28
472,91869,9.8,2024-03-27 18:56:11
489,2024,10.92,2024-07-11 12:36:10
372,129009,11.99,2024-07-07 14:46:31
505,74486,10.68,2024-09-10 20:24:59
523,88812,9.4,2024-07-21 12:24:05
295,5359,10.58,2024-06-08 13:01:57
425,69559,10.86,2024-04-16 12:36:36
353,648,9.45,2024-09-13 22:58:03
508,25841,10.79,2024-07-22 16:26:12
83,1327,10.58,2024-06-16 05:52:54
92,4012,10.52,2024-01-29 09:14:24
423,5773,9.5,2024-11-27 02:17:03
136,5959,9.74,2024-10-27 05:30:08
83,8989,9.23,2024-05-25 20:04:27
652,61250,10.3,2024-04-04 23:02:54
615,1035,10.42,2024-07-09 01:47:13
162,1248,11.24,2024-03-23 08:31:19
383,4814,10.9,2024-09-28 10:12:25
576,255,9.36,2024-11-07 12:21:02
564,3525,9.5,2024-12-28 17:39:35
654,50842,11.15,2024-03-15 00:22:42
585,87306,10.68,2024-09-23 22:29:20
216,30712,10.78,2024-04-21 00:13:08
653,82037,9.94,2024-10-02 11:15:15
557,3848,11.9,2024-10-24 22:44:34
574,106111,10.62,2024-11-17 10:30:31
376,328,9.51,2024-09-12 10:37:25
333,5690,9.25,2024-08-28 19:03:27
29,4357,11.91,2024-05-16 00:11:25
450,4098,10.38,2024-05-25 07:11:29
294,1846,11.38,2024-07-06 16:25:46
304,6201,10.57,2024-08-03 20:53:23
78,1979,11.17,2024-08-11 11:11:54
541,2581,9.61,2024-08-18 05:02:43
323,34002,11.78,2024-07-08 20:02:31
54,5518,10.15,2024-02-16 00:58:20
662,94478,11.61,2024-07-24 11:23:40
302,6947,9.19,2024-03-14 16:17:55
526,81516,11.33,2024-10-04 22:49:03
4,1895,9.75,2024-10-09 23:03:14
641,26303,11.97,2024-07-13 14:46:06
231,27441,11.1,2024-08-16 01:41:13
157,109183,9.84,2024-06-08 07:55:53
161,2176,9.85,2024-02-28 22:11:01
586,71404,9.6,2024-06-14 16:22:07
617,7090,9.52,2024-11-27 05:24:51
664,93512,9.58,2024-03-21 15:01:54
129,52319,11.58,2024-04-23 16:59:57
316,6718,9.85,2024-10-01 12:20:46
134,950,9.51,2024-09-14 08:32:58
296,61350,9.64,2024-11-17 21:28:22
162,72226,10.28,2024-11-04 14:44:18
26,3133,11.84,2024-03-10 00:47:27
424,1404,11.16,2024-05-20 21:03:00
395,2043,10.25,2024-03-22 20:43:12
508,60333,10.61,2024-09-03 03:44:19
588,67788,10.83,2024-09-08 19:40:52
203,34271,10.22,2024-11-19 13:26:12
76,47465,9.12,2024-11-15 09:25:07
358,55069,9.56,2024-04-30 22:45:19
626,4375,11.48,2024-11-16 21:38:29
177,44197,10.36,2024-09-03 16:33:06
68,48501,10.55,2024-07-17 08:53:18
439,104303,9.68,2024-06-29 19:54:35
535,6530,11.9,2024-12-01 13:52:33
32,87306,11.97,2024-07-10 21:44:18
309,2214,10.32,2024-06-23 22:10:49
14,1251,9.76,2024-12-21 05:54:46
383,3580,11.27,2024-01-23 07:52:20
669,8368,11.62,2024-05-25 21:23:54
512,5122,11.86,2024-01-04 10:56:46
562,81847,9.58,2024-01-13 10:35:51
631,86817,9.61,2024-04-14 03:23:40
569,124,11.94,2024-03-16 02:12:56
338,87785,10.34,2024-07-28 23:03:44
23,79091,10.3,2024-06-12 01:13:38
550,2908,10.34,2024-09-08 10:08:15
31,3339,10.77,2024-09-12 05:44:26
255,1327,9.88,2024-03-08 19:46:16
196,91869,10.79,2024-07-03 04:24:56
589,6918,9.98,2024-10-20 02:36:18
173,1347,11.27,2024-04-14 07:44:35
447,3437,9.7,2024-06-22 20:26:53
653,103335,11.98,2024-03-18 00:27:40
633,3960,10.72,2024-08-12 18:08:58
579,3007,11.31,2024-02-03 11:46:56
394,190,9.28,2024-03-24 01:03:50
511,865,11.77,2024-08-16 18:58:24
556,59429,9.86,2024-06-17 01:12:27
121,3017,9.8,2024-01-27 10:44:03
92,96728,10.25,2024-09-06 09:08:56
361,25750,9.49,2024-10-30 17:36:44
399,25999,10.16,2024-09-11 07:46:22
41,6461,10.6,2024-07-24 22:51:01
296,1750,10.8,2024-08-28 00:40:53
243,31225,9.62,2024-02-24 12:13:12
297,326,9.67,2024-05-12 12:49:18
180,49,11.87,2024-03-10 14:32:36
161,671,9.61,2024-04-29 01:27:01
189,56079,9.4,2024-03-30 07:30:47
182,4687,9.95,2024-02-24 05:26:52
155,130970,10.75,2024-04-14 12:56:42
197,8207,10.25,2024-10-24 08:28:59
191,110730,10.5,2024-04-08 14:46:00
185,1465,10.88,2024-03-08 08:28:42
597,3639,9.56,2024-03-06 07:07:04
166,52694,9.86,2024-07-06 05:59:42
216,74944,10.13,2024-08-15 15:56:55
36,47952,11.91,2024-02-23 10:26:19
326,54775,11.29,2024-07-24 16:02:33
204,128512,9.24,2024-10-19 16:46:32
445,130452,11.27,2024-01-24 13:34:44
97,2513,11.8,2024-12-21 11:56:20
147,47999,11.98,2024-03-11 22:33:43
382,7139,11.13,2024-03-02 20:15:33
98,58365,11.62,2024-10-25 16:17:34
450,6228,11.63,2024-03-30 18:55:03
210,7008,11.62,2024-01-24 12:32:48
73,4076,9.79,2024-01-08 18:16:57
138,5014,10.38,2024-10-04 16:00:11
546,64997,11.89,2024-04-23 04:22:09
94,4368,11.81,2024-11-06 08:22:18
608,31770,9.8,2024-11-17 14:33:59
224,5574,9.19,2024-05-15 15:09:04
606,2345,11.82,2024-06-23 02:18:28
558,42197,10.37,2024-05-21 07:55:01
560,435,9.55,2024-08-25 11:48:00
432,63836,10.3,2024-02-26 13:58:57
275,393,10.7,2024-08-30 20:20:10
162,31116,9.39,2024-03-23 21:28:10
325,1032,11.93,2024-03-23 09:31:06
613,26150,9.98,2024-04-14 14:02:35
244,27803,11.16,2024-01-31 05:32:29
564,88267,9.18,2024-08-23 06:44:44
88,621,9.73,2024-09-27 06:37:15
301,8999,9.7,2024-04-12 19:19:11
479,74580,11.22,2024-08-08 04:50:25
154,8459,11.66,2024-04-24 23:09:37
524,7260,10.92,2024-11-26 00:31:57
448,41769,11.47,2024-02-15 11:13:05
53,63072,11.13,2024-02-12 10:20:57
413,1894,10.59,2024-04-17 00:33:04
285,809,9.19,2024-10-13 23:52:35
607,53464,11.33,2024-11-28 17:23:00
635,27724,11.51,2024-11-20 01:16:20
494,39941,10.69,2024-04-24 11:01:16
249,3302,10.86,2024-04-28 11:25:31
563,3501,9.1,2024-12-17 00:37:41
86,5288,9.25,2024-07-31 21:07:23
311,90531,9.49,2024-04-05 06:37:46
91,148168,9.69,2024-11-11 09:47:55
603,631,9.85,2024-10-24 21:11:11
285,89745,10.92,2024-04-06 07:57:22
426,45440,9.82,2024-06-29 08:53:32
396,98795,10.41,2024-06-26 23:38:38
217,5777,11.52,2024-05-14 05:41:25
564,4139,11.94,2024-02-24 03:30:34
488,55872,10.75,2024-09-28 13:30:36
617,104243,11.7,2024-01-29 00:38:48
260,7883,10.4,2024-09-02 02:28:11
89,106332,11.75,2024-08-05 01:22:38
224,27871,9.98,2024-02-19 12:23:40
175,438,9.13,2024-10-26 11:13:03
643,43932,11.86,2024-09-13 03:12:54
525,140749,11.65,2024-04-08 11:11:58
346,106873,9.84,2024-03-26 07:21:56
106,3446,11.44,2024-11-08 11:16:53
111,1288,11.94,2024-11-29 09:33:38
26,114044,11.11,2024-07-30 21:25:52
208,6033,9.97,2024-05-12 01:57:54
138,251,10.89,2024-06-13 23:19:13
297,1919,10.68,2024-03-10 08:20:59
62,1610,10.88,2024-04-13 18:48:19
266,3526,9.1,2024-05-14 17:07:00
108,7209,11.99,2024-08-15 23:19:57
174,3152,10.94,2024-03-24 03:29:36
320,83374,9.54,2024-06-23 07:38:37
237,2708,11.41,2024-02-20 15:49:24
24,6785,9.76,2024-07-26 16:12:07
50,65310,9.28,2024-05-02 15:15:52
416,2290,10.19,2024-06-15 08:57:20
637,2526,9.54,2024-07-01 05:08:09
282,2219,10.56,2024-08-21 05:09:37
142,2978,11.64,2024-07-19 18:32:00
554,5620,9.95,2024-01-25 01:33:39
132,2988,11.9,2024-12-12 02:23:25
180,4823,11.61,2024-01-09 01:38:38
518,136445,9.39,2024-06-18 15:01:18
134,5839,11.92,2024-01-27 16:35:23
145,2126,9.17,2024-03-09 16:59:38
267,4632,10.47,2024-05-21 12:50:25
511,6163,11.72,2024-11-21 21:53:16
429,4704,10.64,2024-11-02 08:11:39
119,619,9.33,2024-03-29 20:58:43
164,107945,10.43,2024-10-04 00:40:14
505,56251,11.48,2024-07-22 00:55:14
576,134569,9.36,2024-01-16 08:08:58
338,4573,10.1,2024-05-24 14:44:59
460,670,9.7,2024-02-13 10:01:08
406,60514,9.2,2024-05-18 03:06:13
32,70994,11.8,2024-08-07 07:56:51
328,2048,9.59,2024-04-11 11:42:54
39,563,9.84,2024-05-18 19:40:28
348,26974,10.6,2024-07-22 06:30:55
273,6103,11.9,2024-06-11 23:18:11
287,548,9.5,2024-04-29 02:34:26
248,90061,9.86,2024-08-19 02:27:07
309,25774,9.41,2024-05-25 03:48:19
281,6484,11.56,2024-10-15 22:18:52
574,5125,9.3,2024-06-26 10:06:09
534,3466,9.37,2024-12-18 05:51:14
217,3069,10.62,2024-03-02 19:55:23
83,56633,11.79,2024-10-17 23:07:20
436,56915,9.23,2024-02-01 22:29:43
9,421,11.33,2024-08-24 08:00:14
145,26171,11.97,2024-04-10 20:28:38
456,6884,11.88,2024-02-13 02:04:11
284,92163,9.85,2024-02-21 16:53:02
200,4499,11.0,2024-03-14 03:33:26
112,7380,9.65,2024-07-05 03:47:27
291,1340,9.72,2024-01-27 17:10:55
583,6390,11.6,2024-02-25 17:21:47
454,7002,10.83,2024-03-13 17:00:52
167,216,9.34,2024-08-08 23:38:00
204,1624,10.7,2024-05-31 10:24:54
217,6329,10.32,2024-04-28 04:45:14
654,2708,11.7,2024-02-20 20:01:48
236,40414,11.13,2024-06-12 02:23:26
136,26729,9.81,2024-05-15 11:24:20
434,4880,10.92,2024-04-13 17:04:38
399,4387,10.82,2024-08-26 15:36:03
198,1460,11.4,2024-12-03 04:03:11
104,6963,10.7,2024-01-31 06:20:44
341,32349,11.19,2024-12-24 21:37:58
341,3832,11.57,2024-12-19 11:43:09
303,998,11.69,2024-08-28 20:20:18
638,93422,9.21,2024-11-15 01:23:18
136,690,11.53,2024-01-08 01:10:06
23,6591,9.15,2024-03-21 12:32:09
590,1017,9.74,2024-01-16 10:36:02
58,6645,10.98,2024-11-28 10:59:24
501,4121,9.51,2024-07-31 23:17:54
444,5959,11.47,2024-09-01 02:50:55
654,115927,11.7,2024-03-16 16:38:13
262,55259,11.18,2024-03-11 20:38:06
458,57951,11.64,2024-11-14 07:41:46
199,3683,10.85,2024-11-10 23:40:34
417,2419,9.8,2024-05-14 17:05:50
464,2948,10.39,2024-08-02 06:06:47
541,8190,9.57,2024-04-13 13:59:20
193,4355,10.9,2024-11-02 03:33:15
655,1135,9.3,2024-01-22 02:12:04
313,98585,10.56,2024-03-26 11:11:08
315,5296,11.12,2024-08-01 15:52:04
287,48516,9.85,2024-01-23 21:33:26
440,90717,10.41,2024-01-10 23:13:18
447,4048,9.49,2024-03-06 18:40:34
446,91630,11.34,2024-08-28 09:26:28
434,4592,9.5,2024-10-28 12:03:07
554,1943,9.2,2024-02-05 00:44:26
21,35836,9.7,2024-07-14 18:19:18
640,3254,9.87,2024-02-05 19:53:37
569,6187,9.4,2024-10-12 23:01:46
522,9001,9.3,2024-03-03 10:27:10
464,77658,11.72,2024-10-24 02:38:36
137,42935,11.66,2024-07-23 04:28:26
286,2762,10.12,2024-08-02 12:44:52
647,1233,10.86,2024-10-29 17:43:46
562,5219,9.59,2024-08-28 02:05:00
125,4111,11.8,2024-06-11 09:44:22
305,1582,11.83,2024-07-08 03:28:10
190,45186,10.51,2024-09-08 21:49:36
669,6739,11.93,2024-12-30 11:49:24
324,47423,9.97,2024-10-31 20:05:01
546,104218,9.73,2024-01-02 10:32:25
441,4447,9.71,2024-08-12 05:39:19
186,5088,11.24,2024-10-07 23:23:21
551,4999,10.85,2024-05-30 21:27:51
131,2254,10.6,2024-02-16 17:09:10
310,4166,11.27,2024-12-17 16:31:56
403,2728,10.54,2024-11-23 16:41:10
419,4658,9.92,2024-01-19 19:05:37
565,3715,9.42,2024-05-05 18:52:15
656,2387,9.52,2024-07-07 20:25:26
173,2089,9.74,2024-08-03 14:36:46
498,5344,10.51,2024-10-25 23:05:08
195,2148,10.56,2024-11-13 04:03:04
468,5773,11.32,2024-08-26 09:12:36
465,320,10.3,2024-08-24 21:19:25
64,3310,10.81,2024-06-26 00:09:20
660,3584,10.65,2024-01-07 08:25:36
262,4713,9.54,2024-09-12 11:14:16
212,705,11.1,2024-12-05 21:42:25
435,93270,9.58,2024-10-14 20:06:48
354,2011,11.24,2024-10-31 14:05:15
357,5276,11.27,2024-11-26 20:10:10
17,7564,9.42,2024-04-15 14:53:59
601,7102,9.83,2024-08-22 10:22:37
150,102716,9.7,2024-10-05 11:33:00
26,6628,10.56,2024-02-18 22:31:11
275,1612,9.66,2024-08-08 01:42:32
593,59258,9.17,2024-10-29 17:15:19
619,116397,10.26,2024-01-09 08:24:25
278,722,11.25,2024-10-10 07:41:11
659,89045,11.37,2024-04-03 20:00:53
575,79293,10.54,2024-08-30 18:42:24
123,49902,9.69,2024-09-03 02:04:17
608,1996,10.1,2024-04-26 18:11:00
575,3693,9.1,2024-11-25 11:53:52
378,2975,10.49,2024-08-06 02:32:17
280,6807,9.28,2024-05-30 04:32:35
363,4617,9.78,2024-08-23 06:55:04
498,373,10.72,2024-03-12 10:58:04
585,26614,9.67,2024-06-19 14:45:56
405,1408,10.67,2024-10-22 19:02:49
303,2729,10.23,2024-12-14 14:15:46
228,6132,10.92,2024-06-08 16:26:02
551,8583,10.49,2024-08-28 07:26:56
431,793,10.57,2024-04-23 11:50:04
355,1994,11.18,2024-02-21 17:22:22
94,2918,11.68,2024-12-09 00:36:46
257,46530,10.2,2024-06-11 05:05:29
417,709,10.22,2024-10-11 06:48:56
235,7028,9.69,2024-07-07 14:42:33
239,1333,9.32,2024-02-10 03:25:03
542,4238,10.24,2024-03-04 15:48:08
407,104841,11.14,2024-10-07 21:58:59
530,1077,11.68,2024-04-09 09:03:33
290,690,9.77,2024-04-06 20:16:59
559,160565,9.46,2024-10-10 18:11:10
186,288,9.62,2024-04-05 14:47:06
416,78903,11.15,2024-09-30 06:20:43
322,663,11.93,2024-03-23 11:15:08
42,27882,11.51,2024-04-18 19:17:20
246,84392,9.62,2024-11-26 06:34:36
488,80217,9.0,2024-07-10 11:45:02
468,2396,9.73,2024-11-09 03:58:49
58,6598,9.82,2024-07-09 22:01:24
106,5826,11.86,2024-10-28 01:46:38
159,26152,11.87,2024-05-01 15:42:52
225,56171,11.81,2024-02-10 05:28:04
131,8189,10.96,2024-11-01 05:05:18
561,1135,10.22,2024-05-30 23:34:32
664,105755,9.3,2024-02-27 13:31:14
191,8266,11.88,2024-10-06 23:14:27
589,45928,10.88,2024-10-01 14:13:13
427,1080,9.59,2024-08-06 08:38:22
48,6322,9.94,2024-06-02 16:08:34
323,4216,9.7,2024-02-01 15:25:15
497,6032,10.52,2024-05-23 12:19:13
380,134783,11.95,2024-08-17 12:54:15
471,931,9.92,2024-01-19 05:16:40
592,4798,10.51,2024-06-05 13:02:26
442,3789,10.82,2024-03-08 14:45:54
285,2404,9.5,2024-11-23 09:00:01
620,1219,11.89,2024-04-15 13:37:36
450,9012,10.73,2024-07-26 01:14:03
643,5833,9.91,2024-08-02 02:29:27
477,44225,9.46,2024-10-22 19:37:47
123,159858,11.6,2024-04-24 10:57:04
204,40870,11.44,2024-10-24 11:04:04
455,2583,11.93,2024-10-08 07:10:49
445,5414,11.94,2024-03-17 06:34:41
533,3150,11.46,2024-01-11 19:04:16
282,93324,10.14,2024-10-11 20:15:03
14,69908,10.0,2024-02-02 13:36:56
592,58191,9.1,2024-08-15 14:15:27
425,5365,9.54,2024-11-30 06:39:11
102,2557,10.19,2024-10-08 19:27:04
409,99839,10.76,2024-11-10 04:49:36
642,2654,11.18,2024-03-03 14:08:25
431,2824,9.14,2024-04-17 15:59:28
379,5002,10.89,2024-06-15 09:07:09
308,27904,10.1,2024-09-28 04:57:10
651,5109,9.78,2024-12-06 07:11:08
312,1105,9.8,2024-10-28 05:54:37
67,6730,9.26,2024-10-05 13:42:25
613,8264,10.74,2024-12-12 17:22:25
38,1395,11.84,2024-09-15 14:11:57
520,6986,11.23,2024-06-13 20:14:33
418,83096,11.67,2024-02-08 07:09:16
194,3296,10.52,2024-06-09 07:32:42
266,269,10.69,2024-01-01 20:13:51
499,5128,10.9,2024-08-29 03:49:19
611,1235,9.64,2024-10-01 10:54:33
151,7481,9.87,2024-07-16 05:51:55
113,3176,10.64,2024-03-07 01:48:20
501,104595,10.72,2024-09-13 14:07:32
297,25972,9.85,2024-11-03 00:00:41
321,3678,11.35,2024-12-10 23:25:35
583,588,11.3,2024-11-24 10:21:15
384,2378,9.1,2024-01-09 18:35:00
493,107447,9.13,2024-08-31 11:07:18
139,101962,11.34,2024-01-10 07:32:03
596,59447,10.51,2024-07-11 14:04:54
62,2971,11.73,2024-07-15 07:31:40
427,7316,9.62,2024-05-17 11:04:31
365,1051,10.71,2024-10-27 07:15:38
208,69529,10.12,2024-05-06 00:56:39
301,5500,11.86,2024-12-29 09:16:51
437,8899,11.63,2024-04-26 04:44:02
361,4993,10.55,2024-01-22 04:15:19
158,116012,9.69,2024-05-20 14:10:36
380,140749,10.98,2024-02-09 12:03:33
572,26729,11.53,2024-11-07 07:58:19
22,788,9.87,2024-02-05 18:11:04
73,218,10.45,2024-11-08 09:39:12
662,55417,11.88,2024-07-20 13:52:12
388,27604,10.29,2024-01-18 03:07:24
508,2841,9.27,2024-07-21 04:22:21
120,4569,11.49,2024-06-18 03:40:22
658,3679,10.22,2024-11-08 00:31:40
514,7334,11.5,2024-03-17 10:27:47
635,80083,9.17,2024-12-27 00:26:19
13,79686,11.68,2024-04-20 06:59:54
428,7560,10.94,2024-12-22 18:57:43
66,64030,11.55,2024-03-06 01:39:40
149,2866,10.9,2024-07-23 03:17:23
269,99846,11.96,2024-08-27 15:58:38
188,1748,10.26,2024-01-01 12:42:12
459,1004,11.59,2024-07-27 19:29:37
458,52241,10.27,2024-11-05 00:00:06
447,4438,10.79,2024-11-01 12:14:10
604,82463,9.24,2024-07-22 09:19:26
287,46335,9.29,2024-09-06 20:24:30
81,1004,9.59,2024-01-27 06:03:38
544,7369,10.61,2024-03-30 07:03:34
213,42351,10.83,2024-04-26 23:11:24
349,7044,11.88,2024-02-16 13:53:49
123,134130,10.16,2024-08-17 17:37:24
73,3629,11.36,2024-07-26 02:14:25
426,72104,10.11,2024-02-22 07:20:44
299,3594,9.66,2024-02-20 05:27:16
288,2586,11.65,2024-11-28 04:27:09
280,3122,10.45,2024-10-16 07:17:29
103,3678,10.43,2024-01-20 18:12:39
366,54997,11.21,2024-01-04 00:09:04
19,3298,11.5,2024-02-17 21:42:07
591,5936,11.59,2024-10-25 08:58:16
4,901,9.0,2024-01-08 16:52:45
37,3658,11.63,2024-11-05 10:19:13
225,5445,9.79,2024-12-23 19:51:48
612,54426,9.66,2024-03-17 06:45:06
494,8665,11.16,2024-04-19 06:44:38
295,114670,10.69,2024-05-26 02:59:14
530,692,11.43,2024-03-06 00:10:15
499,78349,11.27,2024-03-18 19:56:07
62,56633,10.5,2024-12-28 02:29:58
135,2780,11.81,2024-09-07 01:55:01
183,4738,11.84,2024-03-26 08:54:21
485,45672,9.29,2024-03-29 23:22:35
593,3166,10.39,2024-07-05 17:29:05
366,94919,10.6,2024-10-28 06:30:43
306,4016,9.5,2024-05-09 06:12:32
385,434,10.2,2024-07-07 04:05:52
602,4557,9.67,2024-05-23 17:20:39
533,102905,10.59,2024-05-14 01:32:32
370,5087,11.94,2024-02-15 02:56:46
198,8534,10.47,2024-11-06 14:38:23
341,5098,11.11,2024-09-13 09:10:57
553,31225,10.86,2024-08-29 23:15:46
60,245,11.93,2024-07-19 22:18:15
547,1822,9.1,2024-12-30 02:30:12
610,2282,11.41,2024-03-31 13:01:22
475,1399,11.76,2024-11-21 15:08:20
215,104863,10.16,2024-05-10 23:38:11
581,4222,10.78,2024-04-01 13:33:55
633,2717,11.36,2024-05-10 21:30:06
96,5342,10.91,2024-07-31 21:58:51
51,1678,10.73,2024-03-16 02:18:51
275,4263,9.5,2024-11-07 18:53:07
418,102686,10.25,2024-11-26 21:04:20
439,8928,11.47,2024-11-26 15:40:23
279,6927,10.21,2024-10-30 23:56:30
638,103372,10.61,2024-09-29 01:33:05
487,2577,10.6,2024-07-07 11:11:09
72,2033,10.81,2024-10-27 02:21:25
380,1784,9.48,2024-04-22 05:53:34
520,78101,10.45,2024-02-03 04:53:01
325,31923,11.55,2024-09-29 18:24:49
380,1415,9.54,2024-07-22 13:02:14
514,5141,11.8,2024-05-12 05:03:34
520,387,11.1,2024-11-12 09:14:31
131,5959,11.38,2024-01-22 07:22:13
166,4495,9.22,2024-09-19 09:38:48
44,26172,9.42,2024-12-01 19:04:12
240,4539,9.56,2024-08-13 16:29:40
129,8937,10.12,2024-03-14 17:13:39
320,4717,11.28,2024-12-10 21:22:32
557,2943,11.45,2024-06-17 08:14:01
106,5618,9.99,2024-05-03 14:42:27
604,8142,10.58,2024-08-15 08:44:10
144,5780,11.3,2024-08-27 22:17:48
327,110,10.49,2024-09-19 08:37:34
126,77291,9.96,2024-03-29 10:39:34
184,3578,11.29,2024-01-15 14:04:31
489,3153,11.2,2024-06-20 10:53:13
500,3858,10.83,2024-08-04 20:12:46
521,91542,9.92,2024-04-20 20:48:21
8,140755,10.35,2024-10-27 13:43:53
95,2519,11.4,2024-12-06 11:15:07
394,3329,11.3,2024-06-06 18:23:41
236,4246,10.2,2024-11-21 20:43:43
223,5553,11.23,2024-08-01 10:57:07
481,27713,9.18,2024-07-17 01:01:55
587,161594,11.41,2024-12-15 08:17:52
42,26797,9.47,2024-07-14 04:59:27
442,354,11.71,2024-05-26 19:48:43
210,4354,10.41,2024-07-16 21:47:29
36,2023,11.0,2024-05-26 18:07:38
311,1756,9.63,2024-09-25 21:39:11
235,2009,11.7,2024-02-01 13:04:26
569,702,11.95,2024-01-07 16:36:05
80,1460,10.94,2024-02-23 22:31:32
86,3679,10.45,2024-02-07 09:45:41
659,3622,10.82,2024-11-06 19:59:52
337,60766,11.17,2024-10-03 13:31:39
588,3927,10.35,2024-05-19 10:10:06
17,4534,9.8,2024-01-19 19:52:02
625,50583,10.94,2024-11-01 10:55:30
500,3681,11.75,2024-08-30 12:54:23
667,391,11.59,2024-11-08 04:30:29
671,89881,11.89,2024-04-19 01:35:20
509,1784,10.67,2024-08-28 07:00:39
491,84374,10.51,2024-11-25 00:24:28
24,104881,11.73,2024-03-01 15:58:32
630,1352,10.83,2024-07-16 04:04:23
213,7210,9.29,2024-09-22 16:28:17
358,1384,9.84,2024-08-18 22:41:18
389,523,9.8,2024-11-29 20:03:09
474,79428,10.29,2024-10-30 20:46:03
456,141668,10.84,2024-12-12 10:11:37
409,83132,11.52,2024-07-21 11:09:42
218,26413,11.54,2024-01-10 12:42:43
22,916,10.65,2024-11-22 03:35:31
278,4280,10.33,2024-04-11 07:55:57
42,5891,9.86,2024-01-01 19:28:05
134,64508,10.96,2024-04-16 12:09:30
614,62378,9.93,2024-02-09 23:34:55
663,7920,9.78,2024-03-03 13:51:38
375,54771,10.29,2024-05-25 05:31:30
89,26133,11.3,2024-01-12 16:27:00
495,2747,11.24,2024-04-26 09:49:36
586,69761,9.62,2024-10-23 22:22:07
99,51357,10.98,2024-07-06 13:52:17
36,6942,11.0,2024-01-30 16:01:52
580,58103,10.4,2024-10-21 05:48:57
650,3160,11.8,2024-08-21 20:03:49
78,54426,10.35,2024-04-07 16:45:30
354,44974,10.82,2024-11-30 07:11:02
276,2839,10.66,2024-09-06 03:25:12
150,37382,10.25,2024-10-24 10:15:03
394,34528,10.6,2024-11-14 23:22:50
486,46919,11.8,2024-11-14 13:48:26
71,59731,10.78,2024-12-28 13:14:18
86,104272,10.9,2024-06-01 19:44:43
227,3457,11.33,2024-05-28 11:24:02
438,8460,11.67,2024-04-26 16:25:34
586,4649,11.2,2024-05-29 15:24:29
533,7566,10.4,2024-04-08 12:33:13
556,46919,9.24,2024-09-22 23:30:13
586,106839,10.7,2024-05-09 16:46:21
273,6959,11.21,2024-07-12 02:05:15
308,71205,9.99,2024-06-22 03:31:14
665,8984,9.83,2024-07-24 12:08:37
318,2648,11.93,2024-11-12 06:09:10
192,3225,9.8,2024-12-25 18:27:52
334,6537,10.69,2024-04-19 22:51:10
330,63062,10.59,2024-04-12 10:00:44
609,72919,10.31,2024-05-24 21:03:24
103,91622,9.27,2024-01-10 10:41:08
664,26865,9.22,2024-05-04 10:15:39
159,2573,9.51,2024-06-20 11:43:55
661,924,10.1,2024-10-08 03:56:35
211,103235,10.96,2024-07-25 08:18:54
329,731,9.69,2024-04-18 19:50:29
164,5630,9.8,2024-04-29 11:32:24
100,26400,10.81,2024-11-17 19:09:29
170,8670,9.59,2024-04-18 21:11:07
144,34552,10.75,2024-02-26 15:12:02
28,5379,9.8,2024-02-29 18:50:46
110,8795,11.11,2024-07-29 13:18:33
405,828,11.54,2024-09-12 00:20:30
180,81831,10.68,2024-02-03 21:42:10
593,3526,9.67,2024-03-04 00:03:04
399,108795,11.59,2024-06-28 12:25:47
475,5575,9.36,2024-02-19 20:21:15
51,95105,9.32,2024-04-22 06:36:45
371,92954,11.4,2024-08-18 19:22:43
357,62250,9.29,2024-10-09 01:07:08
249,2107,10.49,2024-04-25 16:22:06
505,87430,10.79,2024-12-21 01:47:32
228,26663,11.46,2024-05-18 09:30:48
103,2107,9.62,2024-02-15 23:26:25
409,55078,9.72,2024-10-08 00:23:16
489,2671,9.52,2024-10-12 21:00:27
669,118985,9.12,2024-11-14 22:24:59
143,26386,11.5,2024-06-11 07:12:32
298,7017,10.2,2024-08-18 10:56:43
304,6883,11.7,2024-03-25 19:15:51
172,5478,11.92,2024-12-20 03:03:20
71,7247,11.28,2024-06-05 09:29:48
134,237,10.36,2024-10-22 01:47:52
201,801,11.3,2024-05-12 10:07:44
379,2031,9.26,2024-02-18 03:01:30
112,1271,9.62,2024-12-08 06:26:42
521,2835,9.61,2024-04-23 10:26:00
123,109483,9.61,2024-08-11 16:02:40
386,88879,9.61,2024-04-10 00:18:24
552,2513,10.98,2024-05-16 04:12:19
96,50005,9.5,2024-07-30 11:48:32
233,3361,11.5,2024-05-01 10:51:17
424,31184,10.75,2024-06-13 00:31:01
279,89804,10.16,2024-11-06 08:14:05
166,2485,11.47,2024-06-06 12:27:13
280,283,10.53,2024-09-20 02:55:33
158,2045,9.51,2024-12-05 16:14:38
77,4148,9.22,2024-11-25 13:25:59
493,2040,10.94,2024-03-03 16:29:08
11,1103,11.5,2024-03-23 21:01:20
652,81845,10.63,2024-05-08 08:19:04
399,4783,9.49,2024-08-04 19:46:11
579,5534,9.41,2024-04-18 03:23:29
366,4565,10.67,2024-04-19 06:22:19
87,33124,10.56,2024-03-14 17:52:02
130,2668,9.19,2024-09-23 10:15:05
500,1162,9.78,2024-08-14 09:17:05
81,47,9.91,2024-10-01 19:10:00
64,3046,10.12,2024-05-28 13:00:50
49,97593,10.9,2024-06-20 11:11:19
12,1186,9.6,2024-06-16 23:21:14
201,6425,11.87,2024-06-18 00:02:17
153,25920,11.72,2024-06-29 14:42:19
594,4866,11.22,2024-09-29 00:01:56
367,149406,9.93,2024-10-02 06:45:48
569,5379,10.45,2024-03-28 08:27:00
352,3111,9.79,2024-07-27 07:07:09
36,5315,10.52,2024-06-17 08:30:44
55,59118,11.17,2024-08-10 03:21:17
644,3021,11.7,2024-09-15 01:40:34
102,6829,9.1,2024-02-15 12:57:07
285,937,10.52,2024-11-07 08:41:40
665,106438,11.78,2024-06-19 09:53:18
95,131168,11.35,2024-05-19 17:54:36
277,91978,11.48,2024-04-11 05:41:46
220,140816,11.91,2024-04-13 15:41:44
97,1296,9.9,2024-03-08 12:12:38
142,8970,9.67,2024-09-01 08:54:59
306,6059,9.97,2024-03-16 20:49:45
505,64197,11.77,2024-12-08 08:42:31
392,2357,11.85,2024-09-16 05:24:53
345,4565,10.39,2024-10-02 03:49:48
541,34,11.8,2024-07-06 12:32:16
224,1082,9.53,2024-12-16 02:25:19
119,138698,9.8,2024-08-25 20:37:13
507,4886,11.77,2024-04-14 05:01:41
156,2375,9.65,2024-07-20 13:06:18
68,4755,11.79,2024-07-31 04:25:31
286,94939,11.9,2024-02-10 13:38:18
294,8577,11.43,2024-03-22 05:56:59
64,5297,10.62,2024-04-04 08:23:29
278,2940,9.22,2024-07-12 09:42:48
54,4399,10.59,2024-03-04 22:29:29
192,2638,9.21,2024-08-16 14:14:24
475,514,10.57,2024-04-13 22:34:34
601,140753,9.1,2024-08-07 00:55:06
38,92535,11.89,2024-04-21 22:15:06
660,2248,10.5,2024-07-27 15:49:05
197,5620,10.8,2024-06-01 14:24:36
504,90531,9.47,2024-11-22 11:31:29
57,5445,10.85,2024-06-23 17:50:45
181,85394,9.21,2024-03-15 02:19:05
499,6735,11.5,2024-01-11 13:11:12
530,3444,9.83,2024-12-27 11:57:30
14,7125,11.2,2024-09-08 10:50:02
67,155392,11.2,2024-01-03 23:50:34
431,8661,11.4,2024-09-21 05:50:04
90,95088,9.68,2024-01-16 02:17:31
405,86626,9.42,2024-03-27 11:32:51
147,2463,11.85,2024-12-18 01:14:40
540,45186,11.43,2024-06-14 18:47:36
85,2134,11.44,2024-10-05 21:45:30
2,5008,9.7,2024-09-28 17:36:41
115,26812,9.86,2024-12-03 13:51:25
47,5968,11.73,2024-10-06 12:07:39
410,97328,9.86,2024-07-13 18:01:19
5,3526,10.3,2024-12-30 11:56:56
544,1747,10.93,2024-02-02 13:22:31
122,54,10.56,2024-01-27 10:08:03
340,565,11.3,2024-05-02 02:24:23
496,5772,11.64,2024-09-14 06:16:16
339,127108,10.96,2024-12-02 09:32:13
399,3941,11.72,2024-01-17 15:27:27
327,4589,9.83,2024-02-05 07:36:52
122,2520,9.21,2024-06-15 20:23:01
15,4977,11.2,2024-04-23 07:02:25
278,4902,9.36,2024-04-17 11:25:41
434,3679,11.26,2024-07-14 03:21:13
59,27899,9.89,2024-07-31 03:41:57
399,67997,9.84,2024-03-17 11:53:11
179,132888,11.7,2024-10-21 16:21:23
652,4727,9.33,2024-05-15 00:24:03
205,8831,11.27,2024-01-06 04:19:51
340,6314,11.32,2024-04-28 16:35:06
246,2520,9.22,2024-01-20 19:07:34
219,4619,9.42,2024-10-18 12:21:21
326,8866,10.7,2024-02-15 01:32:18
222,100306,9.27,2024-08-01 16:52:08
453,5715,11.48,2024-09-24 04:32:44
300,2214,10.94,2024-06-27 16:40:11
108,141890,9.6,2024-04-19 00:38:15
269,3764,9.77,2024-11-08 06:23:08
247,98587,11.43,2024-02-14 08:04:17
293,7888,10.15,2024-06-03 05:36:12
494,31364,11.46,2024-07-03 06:25:26
327,3679,11.93,2024-02-19 03:04:31
135,2837,11.95,2024-01-20 02:34:15
364,6016,11.7,2024-12-23 12:42:36
177,26012,11.88,2024-05-08 23:50:40
583,65682,9.28,2024-01-15 20:32:35
598,76173,11.77,2024-03-06 08:24:08
397,6116,9.33,2024-07-22 21:51:34
174,5388,9.44,2024-02-29 08:40:45
567,8477,9.43,2024-05-17 19:55:23
337,7379,11.4,2024-02-18 14:44:10
320,46976,10.5,2024-11-05 20:20:29
182,27022,10.13,2024-01-23 14:19:10
621,72378,9.18,2024-05-18 16:38:28
649,96467,9.32,2024-07-24 05:32:56
548,56174,11.79,2024-03-25 20:05:11
432,4881,10.75,2024-09-11 06:54:29
496,8893,9.48,2024-11-20 05:31:59
425,2096,9.37,2024-11-05 05:23:26
326,4187,11.28,2024-08-19 12:46:10
369,1629,9.22,2024-12-13 21:07:08
104,1253,10.29,2024-09-04 03:21:57
594,6591,10.93,2024-04-03 00:49:38
339,6986,9.98,2024-06-25 13:18:00
288,104069,11.27,2024-10-07 23:12:03
584,2067,10.76,2024-08-01 16:38:34
668,57504,9.19,2024-02-06 14:40:28
377,902,9.2,2024-08-19 18:08:53
317,1883,10.13,2024-11-25 08:10:28
234,4381,10.15,2024-09-27 00:49:19
524,6552,9.85,2024-09-05 17:54:43
482,57792,9.9,2024-10-19 08:23:14
27,33358,9.9,2024-03-29 22:17:28
262,95473,10.54,2024-03-23 18:00:03
303,56174,11.86,2024-10-28 05:49:27
36,2043,9.0,2024-03-06 19:56:56
622,4443,10.27,2024-02-25 07:14:32
325,5122,11.1,2024-10-17 16:47:39
128,3697,9.17,2024-01-04 06:17:22
271,7150,10.9,2024-03-25 23:37:30
9,3155,10.56,2024-08-07 06:32:57
406,101076,10.1,2024-04-30 09:59:27
51,6156,10.52,2024-04-16 13:12:17
401,11,10.87,2024-02-13 05:25:35
578,5949,10.63,2024-02-17 17:39:04
637,94777,10.59,2024-10-27 10:31:50
535,31549,11.76,2024-05-08 08:07:15
94,94919,9.39,2024-09-01 10:36:13
465,40629,9.16,2024-04-11 00:08:14
522,3206,11.8,2024-08-07 12:24:06
495,765,10.12,2024-08-25 23:54:04
425,2205,9.82,2024-08-06 05:43:13
606,3423,9.54,2024-02-12 08:18:06
585,5723,11.37,2024-01-08 15:08:36
512,6877,10.2,2024-09-17 17:22:10
390,4146,10.17,2024-05-10 17:59:11
400,6373,11.5,2024-08-05 15:31:52
612,7116,9.24,2024-07-06 05:02:47
623,6723,11.1,2024-03-15 18:22:48
607,64997,9.33,2024-04-29 16:25:32
309,67087,11.37,2024-03-12 22:06:04
382,84414,10.2,2024-01-16 02:10:27
493,49824,11.47,2024-08-30 02:13:37
332,93422,9.85,2024-03-21 17:45:59
567,4615,9.8,2024-11-04 00:45:58
25,74946,11.46,2024-03-23 23:38:24
67,3855,9.89,2024-12-29 18:36:58
337,57453,11.91,2024-04-24 10:55:33
179,5703,11.56,2024-12-12 16:46:15
328,7932,9.7,2024-01-24 18:37:08
355,3892,9.2,2024-04-16 10:53:49
237,568,10.63,2024-11-09 14:00:34
333,3404,9.6,2024-03-17 11:42:13
201,107649,11.81,2024-01-30 20:06:00
204,2652,9.57,2024-12-08 17:33:02
103,1094,9.43,2024-01-30 23:32:58
670,6422,11.27,2024-10-21 07:27:31
635,4247,11.46,2024-08-18 06:57:42
205,299,11.3,2024-01-26 08:26:42
589,2579,10.6,2024-08-05 22:50:42
444,229,9.38,2024-02-23 17:03:23
564,145,10.21,2024-02-29 19:40:25
410,5038,11.42,2024-03-26 07:35:03
16,7111,10.84,2024-09-17 23:41:49
619,2351,10.94,2024-03-05 00:14:18
383,5232,11.92,2024-12-08 07:10:49
144,66427,11.81,2024-08-15 15:35:59
422,79274,10.3,2024-09-21 23:07:09
400,6245,9.43,2024-05-05 07:40:53
119,70898,11.68,2024-05-18 06:46:25
123,94833,10.15,2024-01-29 09:47:02
405,118702,11.14,2024-04-10 17:25:22
521,2267,10.78,2024-06-29 12:36:50
578,115617,9.14,2024-01-04 17:19:58
470,7207,11.84,2024-03-08 17:28:05
582,26268,10.88,2024-11-23 05:44:38
83,95780,11.37,2024-11-03 21:14:38
57,67665,11.2,2024-07-09 23:02:58
116,1372,9.61,2024-02-07 00:40:23
294,4085,9.6,2024-04-23 06:15:01
172,1431,10.37,2024-04-07 17:56:16
597,26164,11.33,2024-04-04 21:20:38
373,63131,10.76,2024-09-19 21:29:20
420,4276,11.22,2024-09-14 05:09:00
90,916,9.82,2024-08-07 06:44:43
349,4600,10.34,2024-07-06 18:17:45
477,137595,11.95,2024-01-28 09:22:43
69,558,11.56,2024-06-04 21:41:38
573,5065,10.26,2024-09-25 18:40:33
273,98279,9.45,2024-01-27 05:47:52
511,47274,9.86,2024-05-17 15:16:24
286,113829,11.93,2024-09-07 20:51:32
559,838,11.73,2024-10-04 16:32:13
48,58879,11.68,2024-02-20 16:24:36
611,78111,11.2,2024-08-10 01:48:51
308,6404,11.11,2024-02-06 05:34:44
151,2686,10.48,2024-04-30 00:34:45
264,53125,11.41,2024-05-17 03:34:38
401,854,11.62,2024-01-26 19:55:09
154,6957,11.7,2024-09-17 08:08:29
561,1696,9.71,2024-10-30 06:28:30
321,746,9.78,2024-09-13 08:22:44
651,3115,10.53,2024-07-01 12:46:55
96,34326,10.13,2024-04-28 13:44:07
113,152844,9.22,2024-03-18 23:26:50
107,2972,10.59,2024-01-29 21:41:07
636,71810,9.66,2024-03-23 06:30:51
625,2208,9.29,2024-05-19 21:15:14
499,2976,10.18,2024-12-05 08:02:49
35,4088,9.7,2024-05-21 03:06:43
64,4003,9.56,2024-06-28 07:11:47
330,2598,10.99,2024-01-17 17:41:20
628,8665,11.22,2024-08-18 20:44:27
475,73531,9.49,2024-01-07 16:48:33
385,2615,9.71,2024-04-05 21:46:13
249,90603,10.3,2024-06-29 04:08:28
662,1654,10.95,2024-04-12 18:09:45
584,4061,11.76,2024-03-14 01:40:58
356,105593,10.68,2024-10-19 11:54:56
209,304,9.86,2024-01-09 03:40:01
577,54997,9.15,2024-07-19 03:31:49
101,115216,10.25,2024-02-20 11:57:17
145,62113,10.9,2024-04-22 18:51:32
405,703,11.91,2024-01-11 13:24:24
284,1608,11.35,2024-02-29 01:58:22
166,3573,9.24,2024-04-21 11:22:01
477,8946,10.75,2024-11-16 07:43:36
277,1408,9.5,2024-01-23 02:54:49
601,6279,11.47,2024-03-08 22:04:07
584,56174,10.48,2024-01-22 00:44:26
254,71462,9.49,2024-04-16 11:44:59
331,1031,11.52,2024-02-04 12:20:07
36,6408,11.6,2024-01-10 22:42:00
8,60037,10.57,2024-06-12 09:23:48
629,3978,11.26,2024-02-05 22:47:50
667,27783,9.29,2024-02-21 19:13:18
515,4177,11.85,2024-11-15 01:22:52
246,97230,11.29,2024-07-17 03:05:52
337,3055,9.34,2024-03-23 13:31:16
443,1844,10.41,2024-07-15 04:12:23
616,6286,11.42,2024-11-05 04:22:22
138,4126,9.45,2024-10-07 05:13:27
179,25764,11.2,2024-09-13 04:12:29
348,153584,10.96,2024-09-20 22:42:11
568,113705,9.7,2024-10-10 14:02:20
629,6440,10.23,2024-08-14 09:03:40
612,127158,10.89,2024-01-13 23:44:32
460,44245,10.37,2024-08-06 09:15:18
494,52617,11.2,2024-09-11 01:17:26
589,7943,9.91,2024-05-28 06:22:32
447,49649,11.26,2024-09-26 12:54:01
584,2856,10.66,2024-06-28 06:44:53
565,6458,11.63,2024-03-23 08:14:16
440,4279,9.37,2024-12-11 19:45:33
361,931,10.8,2024-09-12 01:42:50
461,44225,10.85,2024-09-12 12:50:19
645,130520,11.68,2024-05-22 21:41:27
550,679,10.67,2024-01-20 00:49:48
432,131830,11.53,2024-02-16 04:12:54
374,91529,10.79,2024-04-11 07:22:32
90,4219,10.86,2024-09-07 21:01:44
406,647,9.31,2024-12-25 06:59:29
248,89837,11.21,2024-06-30 22:24:31
402,1721,10.91,2024-06-14 10:17:12
652,1883,11.55,2024-01-21 11:52:16
144,6646,10.54,2024-12-04 03:14:30
486,57418,10.55,2024-04-22 03:34:56
659,2673,11.77,2024-10-10 00:54:15
426,51471,9.55,2024-12-08 21:41:58
42,3089,11.13,2024-04-26 15:19:52
346,5,9.48,2024-10-31 09:13:54
660,31903,10.63,2024-01-21 18:47:02
239,5718,10.62,2024-10-22 06:40:30
398,1167,11.38,2024-02-23 17:20:17
468,7161,11.92,2024-07-21 20:58:05
522,27869,9.67,2024-07-20 12:06:31
283,2583,11.29,2024-07-14 01:28:43
645,2165,11.87,2024-02-03 21:57:29
575,3976,10.94,2024-01-12 09:59:40
494,6244,10.11,2024-05-09 08:42:54
122,1228,11.17,2024-11-01 17:05:58
223,5569,9.76,2024-10-23 00:13:56
217,1989,10.0,2024-12-12 14:58:44
77,9000,10.53,2024-07-15 06:35:09
196,3265,11.26,2024-03-01 05:02:17
86,1295,9.93,2024-02-23 07:46:14
142,3327,9.39,2024-05-06 06:38:22
449,4499,9.65,2024-02-11 05:52:59
247,95115,10.91,2024-05-22 08:15:35
51,7541,9.78,2024-04-23 05:38:29
59,110826,10.88,2024-07-20 21:40:13
485,4499,10.9,2024-05-20 22:25:55
377,45679,11.4,2024-11-15 18:28:28
511,7502,10.57,2024-11-24 03:58:06
324,36931,10.56,2024-02-14 05:51:12
497,71404,9.6,2024-11-18 01:51:17
306,2076,9.81,2024-11-30 15:09:06
196,2194,9.85,2024-08-15 22:31:10
494,107057,9.38,2024-09-27 05:16:11
411,114464,11.1,2024-07-05 16:12:49
285,2465,11.4,2024-10-07 11:02:17
76,2463,9.0,2024-12-07 06:00:28
407,67734,9.62,2024-06-26 06:08:23
364,4144,11.2,2024-03-03 06:53:27
370,2521,9.26,2024-07-17 03:18:00
13,3735,9.85,2024-06-21 04:17:33
37,5867,9.64,2024-12-05 16:57:27
70,589,11.88,2024-12-20 04:20:22
462,1260,11.75,2024-02-09 12:01:54
402,5120,9.9,2024-03-23 13:16:14
32,31685,10.25,2024-03-27 00:27:44
244,6902,10.29,2024-11-16 00:25:06
125,3608,10.12,2024-05-08 09:49:56
316,3479,9.32,2024-01-16 05:04:58
489,20,11.89,2024-01-08 07:56:30
483,64501,9.0,2024-01-19 21:00:46
50,122890,11.69,2024-08-05 06:32:31
80,1988,9.18,2024-10-24 00:09:20
17,389,11.39,2024-08-31 21:24:09
616,4109,11.85,2024-01-09 06:16:08
441,1900,10.84,2024-08-01 20:32:15
120,2527,11.15,2024-01-23 06:23:43
230,1903,9.91,2024-05-09 21:30:43
315,8884,9.69,2024-04-19 13:47:02
185,3608,9.19,2024-06-19 17:10:05
571,907,9.46,2024-12-04 06:41:06
637,8772,9.98,2024-01-12 17:01:49
210,8979,11.61,2024-12-21 05:27:15
368,7753,9.3,2024-02-08 17:53:36
136,7177,9.82,2024-11-10 13:12:37
314,106022,9.23,2024-11-24 16:19:24
240,3439,9.12,2024-03-20 03:39:56
274,2035,11.89,2024-04-10 19:04:17
64,2391,11.51,2024-03-16 11:19:20
76,80346,10.43,2024-12-29 20:52:26
569,103339,11.29,2024-08-06 18:44:45
284,107771,9.59,2024-03-17 16:21:38
86,2026,11.35,2024-06-18 05:07:42
26,59143,11.47,2024-11-25 04:24:14
33,90249,11.78,2024-10-14 18:28:18
305,98491,9.33,2024-12-15 15:20:33
355,3604,9.15,2024-11-21 13:32:22
446,101283,9.18,2024-10-22 21:21:36
398,5600,11.2,2024-08-18 04:21:55
601,31524,11.89,2024-06-02 05:55:31
255,2231,9.72,2024-12-26 09:36:21
543,104595,10.97,2024-05-16 06:48:10
213,84116,9.47,2024-01-24 13:08:44
546,2417,9.33,2024-10-03 22:29:19
639,2800,11.4,2024-02-08 11:03:18
444,7153,10.8,2024-06-18 15:39:02
105,7926,11.83,2024-03-22 17:23:28
293,117121,10.43,2024-07-31 11:15:07
12,82,9.93,2024-01-14 22:27:40
11,26413,10.34,2024-08-28 17:22:54
593,37739,10.83,2024-01-16 08:41:01
13,71466,11.82,2024-03-02 13:06:20
275,4442,10.2,2024-09-22 01:19:14
558,162542,11.46,2024-04-02 20:46:48
209,2473,11.71,2024-06-24 16:16:24
459,64321,9.96,2024-10-14 16:30:08
26,4534,11.63,2024-06-13 21:59:17
223,1978,11.7,2024-02-29 20:44:24
562,88879,9.4,2024-12-20 06:46:46
364,6126,10.51,2024-02-01 10:45:18
248,2159,11.11,2024-09-14 03:16:13
198,26164,11.8,2024-08-29 17:27:07
166,82041,9.73,2024-02-03 05:25:34
69,147006,11.3,2024-07-04 16:12:58
61,1938,10.83,2024-10-04 05:48:09
196,26150,11.87,2024-02-02 18:43:10
260,27186,10.45,2024-11-01 23:36:03
228,2301,10.59,2024-01-15 03:21:52
136,26010,11.49,2024-08-10 12:16:11
308,47261,11.12,2024-05-27 02:18:44
15,113573,9.53,2024-06-25 21:23:52
325,59935,11.22,2024-01-09 00:30:54
240,32387,10.77,2024-01-10 02:29:45
498,5361,10.27,2024-07-26 13:38:03
148,3699,9.93,2024-08-03 20:51:12
100,45183,10.75,2024-07-02 21:03:00
655,81819,10.45,2024-02-23 19:13:16
203,6449,9.12,2024-04-01 11:53:30
504,3289,9.91,2024-04-07 17:38:06
320,3147,9.74,2024-07-17 18:23:16
362,93040,11.78,2024-07-08 07:30:08
4,3770,10.38,2024-11-14 23:17:04
134,3960,11.15,2024-07-31 23:40:31
515,2716,10.64,2024-02-12 01:56:59
584,108727,11.29,2024-02-28 01:42:29
349,3025,10.12,2024-12-09 05:42:24
483,512,9.16,2024-06-06 05:15:40
578,1298,11.0,2024-11-26 05:05:12
426,1305,11.57,2024-05-15 12:35:57
82,2360,9.17,2024-06-18 11:44:40
84,27713,9.86,2024-12-11 09:18:23
416,1423,9.75,2024-04-22 04:29:58
461,4584,10.83,2024-09-20 09:42:59
628,42632,9.38,2024-04-07 23:42:14
367,2674,11.59,2024-01-29 12:43:41
16,164,9.9,2024-08-18 15:24:08
466,7299,10.4,2024-03-17 10:28:21
187,47894,10.2,2024-03-21 06:26:30
630,112303,11.66,2024-01-05 01:32:14
49,3710,11.82,2024-05-20 14:32:21
218,3529,11.96,2024-09-17 00:01:43
320,496,9.71,2024-05-19 13:18:24
522,140110,11.55,2024-03-22 07:17:48
483,2313,10.1,2024-12-30 18:46:30
279,101525,10.69,2024-12-14 15:25:30
636,2746,9.77,2024-04-13 03:08:58
454,72,11.96,2024-05-19 17:45:04
57,1228,9.5,2024-11-14 23:21:32
159,118468,11.65,2024-06-12 13:10:06
556,1238,11.63,2024-10-16 21:13:30
339,103659,11.35,2024-10-06 21:00:34
559,6721,11.15,2024-04-02 01:09:39
320,42730,9.9,2024-07-13 16:20:36
381,7179,11.8,2024-02-04 07:17:00
585,1371,9.44,2024-06-26 14:32:56
326,2682,11.95,2024-05-13 05:40:16
352,59721,10.27,2024-04-14 21:28:03
584,79469,9.99,2024-03-12 17:45:35
26,3733,9.7,2024-01-25 01:47:01
39,5420,11.88,2024-03-06 11:18:34
366,4499,9.68,2024-01-28 17:58:43
438,25839,10.1,2024-09-06 21:19:25
508,2189,9.47,2024-09-15 00:15:48
555,54736,11.88,2024-08-18 01:29:54
247,8920,9.12,2024-02-22 00:20:48
475,146443,9.55,2024-08-07 00:46:52
92,4298,10.57,2024-12-13 11:38:26
305,2137,11.61,2024-11-01 00:06:04
41,3282,10.49,2024-10-18 09:36:08
4,1221,11.82,2024-02-22 12:54:13
484,875,10.7,2024-02-17 11:46:53
271,3037,11.67,2024-12-29 23:53:58
121,4964,11.72,2024-12-29 21:45:19
474,5942,11.36,2024-03-27 14:38:04
632,7914,10.62,2024-02-17 19:30:29
393,1527,9.23,2024-10-11 08:35:13
556,1279,9.46,2024-10-09 22:15:51
340,1371,10.56,2024-08-29 19:05:41
417,55269,9.34,2024-01-11 09:09:35
19,101947,9.68,2024-12-08 04:54:53
594,4720,9.34,2024-07-07 21:58:27
418,3513,10.86,2024-03-12 10:08:20
335,4368,10.93,2024-11-22 08:59:14
656,5829,10.18,2024-11-20 06:23:52
428,7579,9.91,2024-11-23 14:43:27
387,86504,11.66,2024-04-23 10:04:15
665,103228,10.0,2024-05-19 13:38:54
259,32460,9.67,2024-11-14 15:30:09
417,40574,11.13,2024-08-31 21:07:24
510,79274,9.8,2024-07-31 02:21:49
46,94672,9.94,2024-07-10 15:34:27
577,4263,11.83,2024-11-13 02:24:57
386,1069,11.56,2024-08-27 01:44:16
548,2943,11.47,2024-08-16 09:12:42
289,1859,9.69,2024-07-19 18:22:18
594,1983,9.8,2024-12-26 03:17:32
347,4251,10.56,2024-06-05 23:06:50
658,7078,9.34,2024-09-20 07:47:35
424,109742,9.96,2024-04-21 02:15:54
450,101850,10.58,2024-06-25 07:08:53
375,7577,11.59,2024-09-01 21:45:32
541,2160,9.88,2024-03-19 23:02:31
12,1582,10.34,2024-08-22 06:49:18
582,49910,9.63,2024-03-03 07:17:33
483,54220,10.26,2024-02-04 20:32:04
1,6404,10.16,2024-07-19 09:23:13
40,5025,9.42,2024-10-05 18:30:01
306,88682,9.97,2024-08-27 12:42:31
414,5357,9.3,2024-04-07 06:11:43
495,1465,11.91,2024-02-24 17:43:16
377,2946,11.16,2024-11-07 10:04:42
360,53,11.37,2024-01-06 04:23:24
572,97921,9.44,2024-05-15 20:43:25
44,8275,10.21,2024-05-27 01:19:24
557,486,10.13,2024-04-15 22:24:50
478,62049,10.7,2024-02-15 03:52:55
29,37475,9.98,2024-02-06 11:44:07
506,6757,9.92,2024-08-12 10:07:43
474,3737,9.99,2024-05-04 08:53:49
252,32943,11.34,2024-02-06 17:20:24
415,2458,11.49,2024-05-13 09:51:41
186,3869,11.3,2024-11-04 01:57:51
582,4833,11.72,2024-03-07 18:10:06
10,56563,9.54,2024-04-08 18:38:24
583,6047,10.76,2024-04-23 23:56:25
63,3107,9.72,2024-04-07 23:19:38
175,93040,9.97,2024-05-05 02:37:55
242,3945,9.15,2024-04-18 18:26:35
655,7208,10.53,2024-04-06 00:05:09
190,3287,9.49,2024-12-21 19:06:03
66,60756,11.47,2024-10-23 04:12:11
588,27441,9.8,2024-03-24 22:58:51
445,40819,9.37,2024-12-01 17:52:53
195,48982,10.37,2024-01-22 05:22:29
60,3082,11.1,2024-07-14 23:02:12
113,118326,9.86,2024-01-22 13:04:53
6,8197,11.74,2024-07-28 02:24:13
396,8388,9.65,2024-04-25 01:17:56
80,96832,9.2,2024-05-06 09:16:43
377,3643,10.46,2024-01-13 10:10:43
471,5742,9.11,2024-11-28 19:28:02
655,3394,10.84,2024-11-14 19:08:10
417,2879,10.12,2024-10-29 01:09:30
508,3190,10.17,2024-01-13 07:21:36
166,1621,10.76,2024-02-22 12:25:23
50,8667,11.59,2024-12-24 08:11:11
454,46972,11.52,2024-05-03 10:49:50
258,7340,10.86,2024-07-28 05:33:37
40,49688,10.34,2024-12-30 22:59:23
171,1217,11.0,2024-06-29 01:12:50
25,6154,10.68,2024-04-17 12:14:55
524,5642,11.44,2024-11-24 21:50:48
355,5244,11.73,2024-11-11 08:27:37
241,4045,10.23,2024-08-19 22:21:31
100,72367,9.21,2024-11-25 05:20:49
580,60040,10.1,2024-03-23 16:59:11
256,538,10.36,2024-04-30 13:20:22
106,4835,11.65,2024-08-25 01:43:35
510,8044,10.17,2024-10-24 07:06:32
48,1211,10.53,2024-07-04 02:09:45
664,3138,11.56,2024-02-16 17:16:18
291,372,9.93,2024-01-27 14:12:36
220,108514,9.62,2024-07-17 11:44:50
665,67997,11.39,2024-10-05 09:48:50
292,4835,11.84,2024-12-21 18:02:25
644,2120,10.23,2024-12-07 13:59:44
561,4600,9.76,2024-05-03 13:07:36
198,25752,9.53,2024-10-05 22:18:11
565,3536,9.36,2024-05-11 09:48:52
465,5266,9.97,2024-05-21 21:21:35
413,8656,10.91,2024-04-02 06:29:52
381,3264,10.33,2024-01-06 01:41:06
473,2142,10.5,2024-04-07 08:12:13
247,47629,9.27,2024-09-28 07:33:16
346,3924,9.51,2024-01-14 09:02:46
14,74450,11.47,2024-12-26 00:07:45
129,6211,10.62,2024-06-27 23:36:35
506,55721,11.89,2024-02-29 10:09:24
493,91886,10.99,2024-08-22 12:48:13
314,3211,11.33,2024-01-26 16:17:40
395,134170,9.37,2024-07-23 14:12:11
594,49286,10.56,2024-08-09 08:49:59
199,448,9.85,2024-06-06 13:32:21
368,4498,9.22,2024-10-26 10:09:26
318,2086,10.49,2024-06-06 12:57:00
642,33826,9.73,2024-06-17 11:35:30
92,148888,11.5,2024-07-22 18:23:12
200,89837,10.88,2024-10-15 21:52:06
413,4068,11.4,2024-09-10 20:14:44
174,6305,11.1,2024-08-02 11:49:35
574,48856,10.7,2024-06-14 07:00:56
264,3199,10.22,2024-11-08 15:27:31
107,4502,11.18,2024-05-09 16:57:37
170,4621,11.4,2024-06-22 03:47:54
289,922,11.68,2024-12-14 00:32:05
216,104074,10.24,2024-01-28 12:16:44
559,6531,11.84,2024-01-11 14:00:55
281,87,10.54,2024-11-26 15:06:23
337,6369,11.8,2024-04-25 16:47:34
555,26324,11.11,2024-09-24 12:46:28
323,8240,10.5,2024-02-13 04:18:58
649,163949,10.17,2024-10-26 11:39:04
543,135266,11.59,2024-04-08 00:47:36
493,3254,10.69,2024-04-14 16:29:18
535,219,9.15,2024-05-18 23:12:34
200,98473,9.39,2024-10-19 23:30:05
482,57910,9.77,2024-01-02 04:25:29
152,845,9.12,2024-04-10 21:37:55
532,3354,11.27,2024-07-21 20:37:26
356,2468,9.85,2024-02-25 06:20:45
171,44709,10.1,2024-07-06 00:20:06
257,3052,10.6,2024-10-18 13:31:19
545,8008,9.4,2024-07-07 23:02:34
410,109848,10.33,2024-04-05 09:49:32
604,82037,10.53,2024-06-03 05:37:08
317,737,11.99,2024-05-17 00:46:12
499,3334,10.9,2024-06-07 04:36:27
312,103235,10.23,2024-02-28 10:28:40
34,6790,11.14,2024-08-22 18:40:36
536,1880,11.76,2024-05-01 22:30:16
215,8039,10.54,2024-08-11 18:26:38
396,6739,10.37,2024-07-16 10:16:16
658,7802,11.54,2024-06-03 21:20:45
29,6725,11.0,2024-02-22 07:36:15
458,27664,9.6,2024-01-31 22:41:39
29,31549,10.25,2024-04-19 20:55:58
484,97744,11.36,2024-07-12 14:07:18
669,148956,11.65,2024-01-21 02:17:51
372,6215,9.11,2024-02-02 23:05:01
318,1236,11.93,2024-07-10 10:39:33
153,26726,9.63,2024-08-11 05:52:18
177,3167,9.62,2024-09-18 19:38:30
59,3851,10.97,2024-04-16 05:22:34
269,34364,11.94,2024-05-23 14:11:15
312,114601,10.65,2024-04-01 15:29:51
295,4427,10.5,2024-11-02 10:57:12
654,2250,10.21,2024-09-15 20:13:12
429,4560,11.2,2024-08-29 05:26:36
553,351,11.13,2024-05-19 18:54:29
299,6506,10.65,2024-01-04 22:34:23
397,1246,11.39,2024-10-31 07:02:09
19,2754,10.85,2024-12-15 13:53:27
497,4527,11.45,2024-10-21 01:15:28
362,127198,11.99,2024-04-02 12:29:06
73,60343,10.72,2024-05-29 11:50:54
371,58303,11.61,2024-03-09 09:05:29
64,4017,11.67,2024-04-19 13:22:52
138,4079,11.92,2024-10-07 12:01:21
594,52712,9.62,2024-01-11 05:35:46
405,1073,11.38,2024-04-20 16:33:22
222,7360,10.76,2024-01-16 06:52:05
84,2725,9.64,2024-08-26 21:19:48
299,8618,9.89,2024-06-10 19:08:59
353,2124,10.45,2024-05-02 22:23:52
461,7151,11.89,2024-02-11 05:32:17
397,32515,11.41,2024-04-01 04:05:04
305,4496,9.45,2024-10-10 23:44:11
604,162672,11.34,2024-02-11 04:08:25
542,43679,10.95,2024-05-24 22:28:54
243,2306,9.49,2024-05-02 19:13:19
165,58879,10.46,2024-08-17 08:05:10
117,4508,9.68,2024-05-11 09:07:24
445,3361,9.2,2024-04-01 08:50:21
270,528,11.42,2024-12-30 05:24:50
257,1136,11.49,2024-09-28 14:29:22
105,5619,11.47,2024-11-09 19:11:17
405,99089,10.85,2024-02-04 14:37:19
212,251,11.58,2024-04-30 06:50:41
119,2545,9.86,2024-11-08 19:12:25
355,4415,9.67,2024-02-02 20:24:57
280,5518,11.41,2024-09-21 11:03:43
75,5914,9.8,2024-11-02 01:54:10
380,1260,9.2,2024-04-02 02:16:23
230,129,9.54,2024-01-01 16:12:21
28,5308,10.42,2024-05-02 01:18:33
511,109483,11.25,2024-04-27 17:03:48
274,3076,9.61,2024-09-14 16:55:49
449,55555,9.81,2024-08-22 02:00:54
366,1019,11.72,2024-12-15 19:37:45
147,5969,11.67,2024-06-29 07:05:51
612,8410,10.44,2024-11-25 02:51:22
460,92535,10.73,2024-08-19 14:19:22
110,4686,10.7,2024-03-11 07:35:28
145,3344,11.43,2024-06-02 11:54:40
278,1213,9.81,2024-11-07 18:42:24
18,2883,10.29,2024-08-04 01:14:19
60,2519,10.39,2024-11-15 01:20:10
457,1372,11.77,2024-11-07 06:14:29
79,1646,9.25,2024-03-26 06:54:16
287,4195,9.8,2024-12-01 22:52:18
166,3391,10.65,2024-05-28 01:16:23
131,5302,10.39,2024-05-25 17:32:19
229,1346,9.3,2024-03-07 13:15:23
292,2763,11.51,2024-10-05 00:34:43
636,117895,11.7,2024-05-12 06:33:52
485,52694,9.74,2024-07-12 05:02:57
447,4487,9.73,2024-10-06 12:07:56
243,34332,11.97,2024-09-08 01:54:25
529,4810,9.12,2024-05-14 06:27:44
479,5365,10.83,2024-02-23 14:28:40
270,5902,11.43,2024-01-16 07:55:39
371,162376,11.74,2024-06-11 23:40:34
504,4263,9.84,2024-04-12 09:13:19
585,4189,11.91,2024-10-31 17:58:58
523,6768,10.67,2024-10-29 10:06:02
260,44225,11.56,2024-02-02 23:44:02
594,56782,11.3,2024-09-16 08:00:40
454,1581,11.58,2024-12-04 04:37:42
165,115534,10.4,2024-07-12 02:12:01
522,93443,10.73,2024-09-05 22:14:14
201,5004,9.88,2024-03-11 09:29:04
331,26562,11.27,2024-07-02 17:59:56
587,82499,11.2,2024-06-25 07:03:56
308,1077,11.4,2024-10-01 05:55:20
417,679,11.44,2024-04-14 16:48:51
531,227,9.54,2024-03-23 19:50:44
76,2913,11.99,2024-06-01 02:31:09
281,47997,11.89,2024-10-27 13:52:41
311,5785,10.99,2024-02-25 11:49:44
282,3202,10.59,2024-06-05 13:05:06
51,27722,9.52,2024-09-25 16:49:04
378,453,10.28,2024-02-03 05:52:38
52,25937,10.59,2024-06-20 02:06:22
484,1231,10.14,2024-08-01 17:22:46
305,93061,11.6,2024-11-07 18:19:42
47,3157,11.54,2024-02-07 06:51:34
325,73017,10.32,2024-05-08 20:44:02
296,3448,11.6,2024-05-05 05:50:10
644,82169,10.31,2024-10-09 01:40:17
500,59594,11.57,2024-03-14 14:07:28
507,2935,9.16,2024-01-21 21:52:14
413,5339,11.51,2024-09-04 12:12:49
36,87298,10.63,2024-07-13 19:35:28
438,2263,10.13,2024-08-16 19:21:59
388,3429,9.42,2024-05-09 08:57:39
518,3909,9.36,2024-08-13 14:32:08
506,554,11.21,2024-04-15 02:38:54
46,6961,11.49,2024-07-26 07:41:26
430,1690,11.89,2024-07-22 12:33:39
125,3537,11.65,2024-11-30 21:39:27
414,160438,11.32,2024-08-26 23:41:17
261,32554,10.33,2024-08-07 21:22:13
14,5297,11.35,2024-01-08 02:54:04
88,60161,10.7,2024-11-29 05:16:03
243,1407,9.75,2024-06-16 22:16:44
560,1223,9.85,2024-04-03 14:10:21
29,6883,11.52,2024-01-26 19:08:36
161,3452,11.68,2024-08-10 15:26:20
633,3920,9.12,2024-09-17 02:12:09
301,3349,10.1,2024-07-21 16:16:24
353,1185,11.1,2024-08-12 13:00:38
263,7190,9.63,2024-02-01 02:36:16
306,5147,11.97,2024-09-17 00:02:09
20,3109,11.98,2024-12-18 01:01:24
306,106696,11.76,2024-11-04 09:21:23
265,4354,11.9,2024-01-04 08:35:12
295,26501,10.52,2024-05-22 21:50:56
381,45,9.55,2024-10-15 01:55:43
657,54259,11.85,2024-08-03 14:48:30
166,118354,10.81,2024-11-10 19:44:25
150,5915,10.77,2024-08-11 03:11:35
554,3712,9.51,2024-01-30 14:58:23
61,132488,10.36,2024-12-01 13:07:57
156,2393,9.16,2024-03-02 03:01:12
546,2079,10.24,2024-07-07 23:56:09
147,4334,9.82,2024-08-15 19:19:44
247,6339,11.5,2024-08-18 14:08:06
160,142068,10.12,2024-10-10 14:43:22
103,8827,11.9,2024-02-16 22:23:56
45,3138,11.6,2024-01-10 17:35:39
292,98587,9.67,2024-06-30 03:33:13
46,79139,10.65,2024-03-05 05:14:34
372,2164,10.23,2024-12-10 18:00:41
660,7762,9.1,2024-10-12 12:59:40
458,27646,11.98,2024-07-19 01:33:20
184,5341,11.38,2024-01-29 18:55:12
197,2491,10.29,2024-11-08 21:12:51
629,105731,11.29,2024-07-30 12:14:50
394,3449,10.58,2024-01-01 21:32:06
470,6978,11.53,2024-11-22 11:49:06
105,3998,11.7,2024-08-10 00:17:55
44,281,9.11,2024-10-13 15:51:13
579,4972,9.59,2024-01-13 03:22:13
176,73759,9.5,2024-01-23 15:22:42
181,2068,9.99,2024-03-31 22:28:41
275,27831,11.49,2024-07-15 13:39:44
283,384,11.49,2024-09-06 02:53:32
349,5018,11.96,2024-05-09 04:04:58
98,54997,9.89,2024-06-22 00:28:38
608,27802,11.57,2024-06-17 20:48:01
152,106332,10.72,2024-03-15 07:27:03
284,62792,10.3,2024-08-30 03:19:53
486,97673,11.9,2024-01-17 09:20:04
237,1621,10.59,2024-08-10 23:13:29
659,3599,9.62,2024-08-28 08:10:15
328,103339,11.29,2024-03-22 08:02:34
516,1497,10.93,2024-10-29 21:53:14
82,26528,11.37,2024-12-26 12:39:08
137,3454,9.78,2024-12-16 01:20:55
151,6765,11.46,2024-05-17 05:43:15
470,4380,9.14,2024-04-05 08:41:30
38,767,10.34,2024-07-14 16:04:03
163,4282,11.69,2024-09-28 15:46:02
234,721,9.2,2024-04-03 20:48:23
344,133419,10.81,2024-02-28 04:44:12
617,7614,10.58,2024-07-25 04:14:03
527,140759,9.84,2024-01-03 00:31:47
426,1645,9.95,2024-05-15 03:49:45
1,6370,10.9,2024-02-06 14:38:21
392,2221,11.26,2024-03-04 19:22:35
284,26686,11.53,2024-07-24 07:18:26
162,2186,11.2,2024-05-25 23:47:50
86,83480,11.38,2024-06-26 02:22:34
616,846,10.55,2024-03-24 09:11:11
386,892,10.18,2024-11-23 07:44:56
234,4201,10.9,2024-03-10 13:47:59
518,95873,9.8,2024-07-19 13:37:47
33,91199,11.8,2024-03-14 22:00:37
67,8955,11.86,2024-03-11 03:48:30
366,2566,10.93,2024-05-06 13:05:16
590,8589,11.5,2024-07-29 17:24:28
214,53138,9.99,2024-10-28 05:21:39
600,6042,9.55,2024-02-29 17:40:53
214,55805,11.82,2024-06-16 03:52:37
412,5354,10.14,2024-03-04 01:13:56
617,861,10.0,2024-10-31 20:49:58
328,4251,9.49,2024-08-21 01:14:10
524,2429,11.22,2024-06-29 21:32:42
130,8873,11.22,2024-09-25 16:03:27
130,59447,11.51,2024-05-21 16:11:07
545,2478,9.11,2024-03-12 15:05:18
51,122920,10.15,2024-06-30 00:26:30
173,5307,10.16,2024-04-14 08:01:06
297,3175,10.37,2024-03-01 06:47:50
299,788,9.62,2024-02-11 08:44:53
114,26241,9.58,2024-07-30 03:04:57
580,163,11.38,2024-12-07 06:32:09
50,596,9.67,2024-09-20 13:38:24
80,26393,10.43,2024-04-30 17:48:11
527,104457,11.69,2024-09-19 01:06:51
45,4725,9.23,2024-01-21 17:05:51
13,95473,11.94,2024-06-24 17:05:14
212,6170,10.41,2024-10-30 09:50:03
362,109374,9.98,2024-04-07 21:57:53
297,2422,10.85,2024-08-25 20:17:38
232,32296,9.87,2024-08-09 17:31:45
455,115149,9.72,2024-04-25 16:42:05
142,5548,10.88,2024-06-03 11:30:48
181,44613,11.29,2024-08-07 19:29:05
645,26414,9.4,2024-07-01 06:27:05
446,87485,9.82,2024-11-09 00:04:21
43,6773,10.93,2024-04-01 02:57:32
246,68901,11.23,2024-09-05 08:08:11
5,26320,9.98,2024-08-09 19:44:18
444,1504,10.6,2024-03-23 06:38:10
92,502,11.2,2024-06-17 06:32:33
319,33683,10.35,2024-05-05 08:35:32
46,2526,11.21,2024-06-19 08:01:09
348,68205,10.72,2024-05-17 03:51:05
338,549,9.46,2024-07-22 09:57:06
15,3877,11.22,2024-02-15 21:21:41
181,37386,11.26,2024-05-14 15:22:30
204,3545,9.87,2024-03-04 17:55:25
139,901,10.2,2024-10-05 13:52:56
187,1090,9.25,2024-02-01 13:52:19
620,53189,9.95,2024-03-02 17:40:19
666,3218,10.6,2024-07-05 07:17:31
511,112421,10.76,2024-09-15 09:42:28
609,449,10.95,2024-07-10 23:32:57
338,83480,9.32,2024-06-26 02:14:56
480,49530,9.55,2024-05-12 09:49:43
281,48774,9.7,2024-03-28 16:20:10
205,3708,10.99,2024-07-17 18:45:30
202,3424,10.3,2024-02-14 08:57:36
355,4329,9.3,2024-03-16 21:13:04
547,60135,11.77,2024-07-04 06:28:20
368,26122,11.58,2024-09-26 06:42:42
205,110553,9.56,2024-02-24 03:50:29
661,230,11.14,2024-02-27 12:20:36
54,5401,11.36,2024-12-27 02:43:42
93,57274,10.88,2024-04-15 09:42:55
637,30783,10.42,2024-05-03 01:35:21
265,88812,11.98,2024-04-24 11:48:41
190,94939,10.6,2024-11-17 17:23:10
450,70183,11.42,2024-01-03 21:58:13
238,7130,10.17,2024-08-08 05:47:21
489,1181,11.53,2024-08-01 09:39:12
388,5193,11.1,2024-11-14 23:51:55
220,33750,9.77,2024-07-04 04:05:20
190,1303,11.26,2024-02-09 14:21:55
382,6867,11.34,2024-09-02 20:12:55
640,4406,10.17,2024-09-26 07:18:55
76,53550,11.17,2024-12-14 11:03:07
236,55078,9.54,2024-09-01 13:18:45
148,5417,9.74,2024-05-17 17:18:37
477,2208,11.76,2024-10-08 11:55:18
412,1397,9.59,2024-07-23 22:38:53
263,4826,11.77,2024-06-04 21:03:39
449,2643,9.19,2024-06-28 22:31:02
453,94478,9.22,2024-05-25 23:53:58
622,58964,11.67,2024-11-07 07:41:50
483,103883,9.97,2024-05-29 16:55:54
77,26326,11.93,2024-10-04 18:08:53
244,2154,10.75,2024-10-06 19:52:04
75,114795,11.15,2024-02-29 19:58:52
442,83,11.33,2024-12-17 03:30:48
486,54220,9.74,2024-08-15 22:34:37
120,965,10.97,2024-12-03 02:44:02
419,3556,9.63,2024-05-03 07:03:21
512,6533,10.42,2024-01-04 21:22:24
486,7386,11.6,2024-01-10 19:05:12
206,59306,10.71,2024-04-26 20:03:50
381,3171,11.62,2024-10-02 22:29:38
332,4225,9.61,2024-09-10 19:41:23
500,1099,11.48,2024-03-18 19:45:51
535,88380,10.45,2024-06-28 05:50:55
188,420,9.36,2024-03-27 16:46:12
132,8753,9.74,2024-04-22 21:22:57
512,769,11.69,2024-04-29 06:20:37
338,7355,9.51,2024-02-27 08:02:10
27,26122,9.95,2024-02-29 07:22:19
436,7071,9.5,2024-10-06 01:04:21
147,4353,10.6,2024-09-05 09:39:13
489,3825,11.7,2024-06-13 01:13:18
13,84098,10.45,2024-08-26 08:23:28
293,2329,10.92,2024-06-13 03:43:00
41,3927,11.98,2024-07-24 08:07:21
430,2887,11.87,2024-05-13 23:38:38
235,56715,11.9,2024-02-21 09:44:37
480,3161,10.8,2024-08-25 13:24:04
616,2686,9.1,2024-01-07 17:38:19
157,4076,11.88,2024-08-19 02:24:20
604,443,11.2,2024-06-01 09:22:55
445,6725,10.73,2024-05-14 06:26:52
282,133645,9.56,2024-12-02 03:19:34
588,91128,10.48,2024-09-30 06:26:28
158,7458,10.55,2024-11-16 18:39:23
500,104597,9.34,2024-02-06 00:02:41
266,1337,11.17,2024-09-27 20:19:19
207,71838,11.8,2024-05-11 05:54:27
578,113573,9.28,2024-05-13 04:57:26
623,30820,10.74,2024-11-25 13:02:52
174,1693,11.98,2024-04-03 11:44:28
145,6365,10.4,2024-06-23 19:26:03
448,905,11.22,2024-07-24 01:31:35
120,136864,10.83,2024-04-15 15:22:48
637,4293,10.38,2024-12-27 01:44:06
145,1267,10.68,2024-05-20 22:35:02
670,1391,9.52,2024-01-07 14:19:53
330,86504,11.82,2024-01-24 03:40:02
305,159462,9.53,2024-11-16 23:54:15
340,34359,9.46,2024-03-19 11:10:08
517,8207,11.66,2024-07-08 07:12:23
412,7156,10.77,2024-02-26 23:28:20
615,82169,10.19,2024-01-26 11:03:27
566,346,10.39,2024-12-03 07:00:14
260,139415,11.85,2024-09-26 18:57:54
375,6156,10.81,2024-03-17 14:51:03
390,3769,9.6,2024-11-19 08:55:13
306,3106,9.95,2024-11-26 06:55:20
628,31413,11.12,2024-03-15 06:18:46
114,2581,10.7,2024-01-06 22:47:38
436,77,10.21,2024-11-30 13:30:53
485,171,11.86,2024-02-17 18:42:14
157,8464,11.93,2024-03-03 16:55:45
526,950,10.47,2024-08-09 21:55:49
104,2488,11.92,2024-04-29 22:20:28
90,2363,9.18,2024-08-01 14:32:41
330,6470,10.26,2024-08-24 07:31:24
519,56587,11.15,2024-10-26 03:31:31
549,832,11.38,2024-03-06 06:02:04
552,34359,9.22,2024-05-03 04:54:48
232,8572,11.83,2024-11-15 01:27:34
86,4277,9.49,2024-03-30 04:23:59
21,92420,10.6,2024-05-21 06:04:15
570,4247,9.76,2024-12-02 07:52:06
353,2471,9.85,2024-03-02 16:46:40
534,5177,10.6,2024-04-24 21:00:08
562,4519,11.65,2024-08-01 03:49:03
484,543,10.13,2024-12-09 04:55:32
443,5947,11.69,2024-09-17 12:24:28
243,6990,10.66,2024-08-25 06:50:12
627,973,11.36,2024-11-12 06:08:04
178,1948,9.67,2024-09-10 21:40:58
571,97470,10.57,2024-02-25 22:56:22
637,851,11.84,2024-09-21 04:59:26
357,98913,11.36,2024-12-13 04:35:01
362,5961,10.66,2024-12-05 12:42:17
474,3841,9.82,2024-03-05 23:10:59
152,126430,10.21,2024-06-03 16:06:43
302,747,9.25,2024-09-14 08:48:53
213,82934,11.51,2024-09-18 09:44:38
465,640,10.71,2024-05-02 18:05:48
43,6521,11.15,2024-01-17 15:51:15
65,37240,10.82,2024-05-14 11:25:47
462,7919,9.2,2024-06-08 11:22:41
581,1545,9.41,2024-04-22 13:41:30
445,132480,10.61,2024-03-28 03:55:11
352,8368,10.13,2024-11-04 12:59:07
