userId,name,postal_address,email,phone
1,Omar Huffman,"2007 Monica Dale, Lake Kathleentown, OR 97279",omar.huffman@sanders-cross.org,229.771.8141x21652
2,Mr. Jason Love,"171 Garcia Street, North Parkerville, TN 38123",mr..jason.love@lopez.com,(788)650-2744x51350
3,Angela Thompson,"9539 David Keys, Georgeborough, MH 96960",angela.thompson@cardenas-berry.com,(623)401-2108
4,Jessica Sherman,"3080 Mckay Unions Apt. 456, Valentineshire, AZ 86132",jessica.sherman@stephens.com,001-640-946-4315x8166
5,Oscar Harmon,"38454 Alyssa Light Suite 374, West Sandraburgh, DC 20021",oscar.harmon@reese-mcintyre.com,(753)699-4083
6,Jessica Wilson,"8746 Dean View, East Lauren, VI 00804",jessica.wilson@bush.biz,(967)730-8059x2456
7,Kyle Bailey,"211 Stephen Parkway Apt. 925, South Ashleyton, OR 97892",kyle.bailey@tran.com,+1-988-998-1773x91155
8,John Henderson,"62953 Samantha Centers, Eileenmouth, AS 96799",john.henderson@hernandez.com,(339)507-8937
9,Tracey Irwin,"1164 Chad Brooks, New James, FL 32386",tracey.irwin@calderon-howard.com,001-855-839-2518x90096
10,Margaret Allen,"6250 Kevin Plaza, Lake Phillip, NE 68055",margaret.allen@morris.com,858-365-2609
11,Stacy Grant,"0438 Kathleen Haven Suite 034, South Nicole, VA 22289",stacy.grant@monroe.net,+1-231-799-3665x63329
12,Kim Brooks,"53994 Vanessa Point Apt. 544, Lake Marie, NE 68049",kim.brooks@page.com,857.916.1301
13,Nicholas Bolton,"44093 Deborah Crescent, Seanville, MO 64974",nicholas.bolton@anderson-garcia.com,(556)222-9823
14,Laurie Kirk,"8040 Hill Skyway Apt. 388, West Timothy, NC 28404",laurie.kirk@rios-wong.com,532-887-4564
15,Angela Garcia,"8943 Ramirez Well, Bradleyhaven, LA 70174",angela.garcia@jones.biz,557-281-2855x373
16,Wayne Smith,"6697 Teresa Light, Woodport, WY 82651",wayne.smith@gibson.org,904.750.5509
17,Dylan Robinson,"96768 Kelsey Green Apt. 245, Morrisfurt, NC 28157",dylan.robinson@white-brown.com,(595)349-0996x73571
18,Katie Brown,"353 Melissa Burg Apt. 549, Lake Cassandra, OK 73058",katie.brown@wilson-webb.com,761.268.8147x8679
19,Misty Williams,"575 Bradley Rapids, New Zachary, SC 29791",misty.williams@mcdaniel.com,689-886-9216x260
20,Nicole Ramsey,"1665 Little Summit, Murphyton, OK 73126",nicole.ramsey@reynolds.org,+1-296-824-0673x85573
21,William Smith,"0392 Dillon Shoal Apt. 513, Johnburgh, WY 82778",william.smith@smith.com,380.815.3574x408
22,Anthony Espinoza,"04947 Susan Station, New Joshuatown, TN 37130",anthony.espinoza@english.biz,787.213.3601x455
23,Julia Compton,"94757 Shawna Route, East Nathaniel, FM 96944",julia.compton@medina-barry.com,+1-859-545-7713x1291
24,Joseph Chambers,"55955 Moore Camp, Jamieberg, WA 98409",joseph.chambers@hernandez.net,(568)927-3123x57659
25,Jennifer Cohen,"02784 Pennington Views Suite 409, Lake Aaronberg, AS 96799",jennifer.cohen@wood-garcia.com,+1-628-536-2334x1942
26,Theodore Barnett,"013 Herbert Inlet Apt. 100, Richardfurt, UT 84605",theodore.barnett@rogers.com,+1-263-217-2199x332
27,Frank Davis,"78358 Sandra Hills Suite 906, Lake Staceystad, ME 04018",frank.davis@le-moore.com,4668371220
28,Michael Stone,"31128 Key Stream, Stanleyton, KS 66874",michael.stone@olsen.com,659.278.5401x302
29,Kathleen Schroeder,"247 Fernandez Glens, Alanland, NJ 07510",kathleen.schroeder@spears.org,566-692-0535x35610
30,Aaron Castro,"5807 Jones Ranch Suite 282, Lake Williamchester, ME 04940",aaron.castro@soto-collier.net,+1-494-597-5625
31,Andrew Willis,"07352 Walker Flat, Rogersberg, LA 70590",andrew.willis@kim.com,(918)416-3773x856
32,Angela Carr,"55955 Moore Camp, Jamieberg, WA 98409",angela.carr@mathis-day.com,(757)787-0547
33,Cynthia Owens,"0438 Kathleen Haven Suite 034, South Nicole, VA 22289",cynthia.owens@conway.com,337-477-9815x4174
34,Courtney Salinas,"936 William Underpass, Riverahaven, ID 83505",courtney.salinas@gordon.info,583.242.0179
35,Sierra Thomas,"71892 Amanda Pine, Frankville, OH 45587",sierra.thomas@rosario.info,001-857-872-9988x9856
36,Cody Lopez,"0080 Nguyen Rest Apt. 672, Martinshire, OH 45981",cody.lopez@ferguson.net,4977611744
37,Kevin Hill,"0345 Duarte Fork Suite 252, West Colinmouth, SC 29849",kevin.hill@valdez.com,9636458040
38,Michelle Harris,"464 Watson Spur, Lake Tinashire, MP 96951",michelle.harris@wright.com,274-386-8607x4445
39,James Nunez,"68432 Rhodes Unions Suite 011, East James, ME 04702",james.nunez@rogers.com,220.740.1741x951
40,Cynthia Wilkerson,"94861 Sandra Skyway, Martinezhaven, VI 00803",cynthia.wilkerson@reilly-arroyo.net,3249778440
41,Rhonda Simon MD,"2558 Erik Court, New Travis, VA 23800",rhonda.simon.md@mills.com,(738)759-7538x34125
42,Todd Gonzalez,"226 Daniel Stravenue, Janefort, UT 84439",todd.gonzalez@moore-johnson.com,423-778-2691x39399
43,Russell Price,"383 Christopher Shoal, Lake Jesus, DE 19808",russell.price@bennett-freeman.net,(396)612-8775x42917
44,Shelley Booth,"78358 Sandra Hills Suite 906, Lake Staceystad, ME 04018",shelley.booth@barrera.com,(851)987-7165x2539
45,Ashley Lloyd,"315 Wilson Orchard, South Tamaraville, MT 59564",ashley.lloyd@brooks.com,001-653-489-2295
46,Jennifer Allen,"1648 Dougherty Corner Suite 396, Taylorchester, NC 28033",jennifer.allen@jackson.biz,678.235.8314
47,Randall Bray,"433 Julie Forks, Jonesstad, NJ 07471",randall.bray@moran.com,880-537-9041x1283
48,Gabriel Davila,"46241 Holly Dale, West Brady, MN 55747",gabriel.davila@jordan.net,332-345-4109x9104
49,Michael Williamson,"3827 Vargas Freeway, Woodardshire, MH 96963",michael.williamson@williams.com,774.925.6865
50,Robin Smith,"5229 Sullivan Walks Suite 628, South Nancyland, VI 00805",robin.smith@owens.com,001-216-537-4337x2214
51,Bradley Cooper,"353 Melissa Burg Apt. 549, Lake Cassandra, OK 73058",bradley.cooper@ruiz.com,(270)755-3572x35735
52,Erika Pearson,"548 Kramer Course, Patriciahaven, NH 03707",erika.pearson@campbell-wright.com,+1-782-443-1586x33229
53,Patricia Johnson,"230 Jacob Islands, Port Alexander, MO 64809",patricia.johnson@johnson.com,+1-934-437-4012x07720
54,Linda Whitaker,"04947 Susan Station, New Joshuatown, TN 37130",linda.whitaker@tapia-le.com,610.780.1156x861
55,Daniel Martin,"247 Fernandez Glens, Alanland, NJ 07510",daniel.martin@gallagher-barrera.com,411.364.1130x2935
56,Dr. Angela Johnson,"4720 Robert Landing Suite 909, Ruizmouth, PR 00716",dr..angela.johnson@jackson.com,+1-387-360-7681x81763
57,David Armstrong,"0345 Duarte Fork Suite 252, West Colinmouth, SC 29849",david.armstrong@blankenship.com,205.888.0237
58,Michael Hill,"1532 Samuel Forest Apt. 419, Georgeborough, TN 37145",michael.hill@king.org,(692)568-6020
59,Evelyn Dixon,"8937 James Overpass, Debraborough, WV 26003",evelyn.dixon@glover.com,+1-586-413-3499x58267
60,Joshua Robinson,"70522 Joshua Flat, West Kristy, MS 39033",joshua.robinson@evans.com,226-505-2254
61,Michael Arnold,"9037 Joshua Trafficway, Johnsonchester, VI 00805",michael.arnold@scott.com,+1-314-625-4985
62,John Wiggins,"66744 Eric Ramp, Melissatown, WA 98824",john.wiggins@garcia.com,478.312.5154
63,Seth Robertson,"433 Julie Forks, Jonesstad, NJ 07471",seth.robertson@mitchell.com,856.411.5681
64,Stephen Rogers,"79787 Parker Forest, Lopezshire, NJ 07070",stephen.rogers@smith.org,356.804.4341x13916
65,Patricia Matthews,"9311 Brewer Mountains Suite 171, Wilsonport, OK 73134",patricia.matthews@lara-zamora.org,001-801-963-5078x49412
66,Jennifer Norton,"828 Campbell Cliff, New Laura, GA 30750",jennifer.norton@reed-mason.com,701.887.3961
67,Maria Washington,"4068 Cole Rue, Lake Ronaldbury, PW 96940",maria.washington@mcintyre.com,(301)753-7684
68,Jordan Brown,"230 Jacob Islands, Port Alexander, MO 64809",jordan.brown@williams-morrow.com,683.465.0438x04703
69,Traci Wiggins,"9312 Page Lock, Robertsport, GA 31216",traci.wiggins@cummings.biz,+1-902-692-6040x3526
70,Sarah Jimenez,"998 Linda Meadows, New Natashaland, CO 80405",sarah.jimenez@mcdonald.com,+1-648-988-7261x44079
71,Andre Stark,"05113 Carlos Trail Apt. 688, Crystalton, UT 84178",andre.stark@fitzpatrick.biz,(648)787-2661x815
72,Michael Simmons,"936 William Underpass, Riverahaven, ID 83505",michael.simmons@vance-stone.com,267.248.4956
73,Angela Robertson,"9536 Marissa Tunnel Apt. 701, Codymouth, ME 04359",angela.robertson@murphy.com,373-676-1717
74,Christopher Hooper,"044 Blackburn Station, Jacobtown, NJ 07334",christopher.hooper@simmons.com,685.769.4193x34458
75,Kim Williams,"53535 Strong Causeway, West Nathaniel, ME 04964",kim.williams@cobb-burke.org,+1-446-681-9230x999
76,Valerie Jackson,"659 Timothy Plaza Suite 324, Kevintown, OR 97634",valerie.jackson@vincent.com,(513)463-1501x964
77,Amy Fischer,"40544 Nathan Mission Apt. 016, East Michael, NM 88383",amy.fischer@baker-johnson.net,202-441-6162
78,Jonathan Obrien,"53994 Vanessa Point Apt. 544, Lake Marie, NE 68049",jonathan.obrien@quinn.com,372-365-0349
79,Hannah Armstrong,"925 Aaron Station Apt. 453, Davidside, VI 00801",hannah.armstrong@mcbride.biz,222.221.1310
80,Edwin Romero,"3773 Hamilton Route, Whitemouth, PR 00764",edwin.romero@gray-smith.net,001-959-641-3311x2872
81,Erin Jensen,"8273 David Islands Suite 659, South Jessica, GU 96924",erin.jensen@simmons-chang.com,669-333-4647
82,Brian Smith,"022 Michelle Coves, Lake Williammouth, NE 68023",brian.smith@wright.com,+1-324-401-0790
83,Jason Thornton,"8681 Zachary Station, Brianburgh, UT 84234",jason.thornton@martinez.com,(211)251-1369
84,Daniel Lester,"7345 Gregory Center, Mcdonaldburgh, RI 02859",daniel.lester@terry.com,670-337-8675x2775
85,Emma James,"04947 Susan Station, New Joshuatown, TN 37130",emma.james@roberts.com,001-954-856-1574x98196
86,Luke Myers,"247 Fernandez Glens, Alanland, NJ 07510",luke.myers@watson.biz,+1-206-728-3917x026
87,Cody Schmidt,"18678 Anderson Cove, East Michaelfurt, HI 96734",cody.schmidt@burke.com,321.233.5861x8348
88,Scott Freeman,"66434 Donna Hollow Suite 446, North Michaelfurt, NY 14809",scott.freeman@morton.net,+1-331-869-4383x86756
89,Kelly Marquez,"6250 Kevin Plaza, Lake Phillip, NE 68055",kelly.marquez@white-harris.com,357-444-5414x74777
90,Johnny Malone,"62953 Samantha Centers, Eileenmouth, AS 96799",johnny.malone@kaiser.org,501.641.1784x7123
91,Michael Johnson,"05113 Carlos Trail Apt. 688, Crystalton, UT 84178",michael.johnson@miller.net,499.719.2306
92,Tiffany Patterson,"315 Diaz Lane, Port Barbaraland, GA 30245",tiffany.patterson@hernandez.org,216-483-7324x7443
93,Laura Hernandez,"56861 Ewing Street, Christopherview, MH 96966",laura.hernandez@gates.com,001-838-822-6303x26256
94,Anita Matthews,"94757 Shawna Route, East Nathaniel, FM 96944",anita.matthews@simpson.biz,995.636.2170x1510
95,Kevin Sexton,"17411 Hayden Pass Suite 938, Boydshire, FM 96941",kevin.sexton@bennett.com,441.215.6869x3878
96,Randy Blake,"116 Conley Mills Apt. 509, West Nicoleland, PW 96940",randy.blake@odonnell.com,870-952-9503x057
97,Lacey Madden,"834 Billy Route, Catherineville, ID 83785",lacey.madden@gregory.com,209.703.7483x564
98,Tammy Martinez,"6340 Cole Fort, Heatherberg, AK 99793",tammy.martinez@barnes.com,940.269.3922x369
99,David Dominguez,"316 Hubbard Views Apt. 838, Vasquezstad, MO 63460",david.dominguez@nolan.com,460-518-7893x979
100,April Martin,"2040 Travis Shoal Apt. 951, West Maryfurt, MO 63502",april.martin@flores-perez.info,(499)388-3619
101,Cynthia Garcia,"247 Fernandez Glens, Alanland, NJ 07510",cynthia.garcia@cisneros.com,616-261-7201
102,Crystal Lane,"44093 Deborah Crescent, Seanville, MO 64974",crystal.lane@harrington-brown.com,417-624-2385
103,Kendra Hoover,"353 Bailey Inlet Apt. 862, West Devonside, ND 58462",kendra.hoover@madden.com,(905)632-3220
104,Sabrina Ware,"1151 Gregory Corners, Codybury, MO 65425",sabrina.ware@parker.biz,(942)545-2973x7220
105,Clinton Spencer,"606 Dustin Trail Suite 025, West Stacey, MD 21634",clinton.spencer@willis.com,001-257-338-3703x693
106,Kelli Carney,"3827 Vargas Freeway, Woodardshire, MH 96963",kelli.carney@sexton.com,(958)512-1287x799
107,Lisa James,"834 Billy Route, Catherineville, ID 83785",lisa.james@newton.com,+1-502-387-4841x931
108,Theodore Landry,"3507 Schneider Green, East Robertstad, WI 54703",theodore.landry@humphrey-english.info,+1-896-245-8269
109,Paula Andersen,"0532 Laura Passage Suite 199, Tatetown, LA 70326",paula.andersen@thomas.com,+1-625-524-3568x3902
110,Steven Wong,"171 Garcia Street, North Parkerville, TN 38123",steven.wong@martinez.com,(291)681-9430
111,Steven Rich,"689 Frye Extensions, South Amanda, OR 97419",steven.rich@hoffman.com,(384)280-6685
112,Jon Small,"116 Conley Mills Apt. 509, West Nicoleland, PW 96940",jon.small@garcia.info,842-629-9490x673
113,Veronica Hall,"6424 Hendrix Extensions, Walkerburgh, GA 31574",veronica.hall@reynolds.net,301-613-2384x6263
114,Roy Sweeney,"315 Diaz Lane, Port Barbaraland, GA 30245",roy.sweeney@burnett.com,(953)765-0763
115,Amanda Palmer,"54327 Bentley Bypass Suite 384, Lake Jessica, HI 96886",amanda.palmer@ramirez.biz,(788)727-6999x814
116,Miss Alexandria Johnson DDS,"2040 Travis Shoal Apt. 951, West Maryfurt, MO 63502",miss.alexandria.johnson.dds@zuniga-matthews.com,+1-402-521-1880x8456
117,Robin Pierce,"89229 Benson Village Suite 269, North Taylor, WV 26035",robin.pierce@jensen.com,(780)481-8300
118,George James,"548 Martin Road Suite 779, Harrisonland, PA 17233",george.james@coleman.com,664-846-0151x6892
119,Billy Johnson,"198 Cindy Common, East Andrew, MT 59161",billy.johnson@luna-simmons.com,852-809-0980x335
120,Kevin Lee,"3507 Schneider Green, East Robertstad, WI 54703",kevin.lee@briggs-howell.com,(274)234-7929x88889
121,Erika Sanchez,"1164 Chad Brooks, New James, FL 32386",erika.sanchez@hunt.org,+1-470-480-3462x4121
122,Ryan Smith,"84806 Guerrero Pike, Daveton, MP 96952",ryan.smith@murray.info,5964768134
123,Elizabeth Gonzalez,"803 Leslie Lodge, Hernandezburgh, MP 96951",elizabeth.gonzalez@reeves-snyder.biz,287.314.0544x05790
124,Taylor Moreno,"44581 Dylan Crossroad, East Meghanport, ND 58703",taylor.moreno@cordova.org,001-254-617-4015x525
125,Thomas Avila,"3773 Hamilton Route, Whitemouth, PR 00764",thomas.avila@ramirez-sanchez.com,602.994.9255
126,Victoria Schmitt,"74370 Bates Locks, Angelahaven, IL 60704",victoria.schmitt@castro.info,381.443.3672x11996
127,Jason Pierce,"8040 Hill Skyway Apt. 388, West Timothy, NC 28404",jason.pierce@sandoval.com,+1-525-947-3914x312
128,Jessica Leblanc,"05113 Carlos Trail Apt. 688, Crystalton, UT 84178",jessica.leblanc@rodriguez.com,474.451.9195x02705
129,Valerie Rose,"8040 Hill Skyway Apt. 388, West Timothy, NC 28404",valerie.rose@carroll-thompson.net,(835)444-4802x3191
130,Cheryl Sanders,"269 Jesse Port Apt. 992, Anthonyfurt, IA 52000",cheryl.sanders@arroyo.com,(355)746-7938x01350
131,Tanya Singleton,"1995 Ayala Ford Suite 124, Conleyland, PR 00633",tanya.singleton@glass.net,846.288.9922x223
132,Elizabeth Anderson,"315 Diaz Lane, Port Barbaraland, GA 30245",elizabeth.anderson@wilson-clark.org,+1-529-800-9577
133,Sarah Martinez,"770 Jay Throughway, North Jeremyfort, NM 87875",sarah.martinez@cline-black.com,+1-829-803-4227x9831
134,Linda Mccoy,"29430 Guzman Inlet Apt. 683, Clarkberg, KY 42577",linda.mccoy@reed.com,+1-281-274-3781
135,Brian Weber,"8746 Dean View, East Lauren, VI 00804",brian.weber@collins.org,284-820-0675
136,Nicholas Dean,"0509 Jason Summit, Bridgesland, MS 38785",nicholas.dean@jackson-diaz.com,+1-262-208-8021x060
137,Nicholas Rodriguez,"55955 Moore Camp, Jamieberg, WA 98409",nicholas.rodriguez@peters.com,602-471-8923
138,Brandi Hernandez,"803 Leslie Lodge, Hernandezburgh, MP 96951",brandi.hernandez@tran.info,+1-780-879-1516x46872
139,Samantha Phillips,"750 Morrow Burg Suite 265, Christineberg, AZ 86108",samantha.phillips@martin.com,001-406-638-9213
140,Walter Riddle,"38166 Tyrone Unions Suite 396, East Sarah, AL 35167",walter.riddle@chen.com,289-736-4666x5008
141,Jeffrey Myers,"85652 Megan Alley Suite 389, North Heidi, VA 24202",jeffrey.myers@obrien.biz,(698)973-5636
142,Crystal Strong,"849 Paul Center Suite 548, Meghanborough, TX 79047",crystal.strong@lawson.com,290.617.7668
143,Alyssa King,"1415 Vanessa View, Port Christine, VI 00805",alyssa.king@henderson.com,001-763-675-7353x93001
144,Christopher Sanders,"09992 Rollins Forges, West Christianchester, IL 60448",christopher.sanders@munoz.net,001-509-477-2408x997
145,Gary Tucker,"8456 Tammie Forges Suite 668, Hugheschester, HI 96792",gary.tucker@harris-nelson.com,001-808-243-8461x4089
146,Michael Gibbs,"70522 Joshua Flat, West Kristy, MS 39033",michael.gibbs@george.com,746.284.2336
147,Troy Wright,"3507 Schneider Green, East Robertstad, WI 54703",troy.wright@obrien.com,001-642-787-6648
148,Joshua Hunter,"239 Stacy Stream, East Jermaineborough, PR 00723",joshua.hunter@hanna.info,(468)476-9625x7455
149,John Swanson,"936 William Underpass, Riverahaven, ID 83505",john.swanson@alvarado.info,9665623308
150,Benjamin Ward,"8456 Tammie Forges Suite 668, Hugheschester, HI 96792",benjamin.ward@scott.org,(332)565-1828x443
151,Aaron Nelson,"94861 Sandra Skyway, Martinezhaven, VI 00803",aaron.nelson@diaz.net,573.260.9158
152,Kendra Harris,"874 Kim Grove, South Tony, CA 91301",kendra.harris@morales.com,971.320.7743x9003
153,Hannah Garcia,"66434 Donna Hollow Suite 446, North Michaelfurt, NY 14809",hannah.garcia@powers.com,699.412.2588
154,John Miller,"8718 Jackson Drive Suite 618, Colleenburgh, MS 39114",john.miller@shaffer.org,466.351.7803x655
155,Sean Mendez,"78620 Aguilar Forest, Marcusmouth, MS 38706",sean.mendez@hamilton.com,+1-399-775-0097x5666
156,Michelle Duarte,"851 Cobb Rapid Suite 994, Sosaside, CT 06305",michelle.duarte@tate-williams.org,384-973-6989
157,Lisa Miller,"525 Wyatt Ranch Suite 890, East Timothyfort, WY 82165",lisa.miller@diaz.com,274.637.5786x53835
158,Gabriel Graham,"5897 Stevenson Rapid, East Annmouth, HI 96752",gabriel.graham@wilson-robbins.com,870-319-1209x672
159,Jonathan Booker,"3827 Vargas Freeway, Woodardshire, MH 96963",jonathan.booker@moore-mooney.com,(891)622-6911x457
160,Jessica Herring,"68951 Anthony Camp, Mcphersonbury, AK 99671",jessica.herring@macdonald-miller.biz,394.811.1713
161,Emily Smith,"1807 Rachel Lane, South Kelly, GA 31874",emily.smith@shaw.net,(826)867-8136
162,Christopher Thomas,"42596 Christina Tunnel, Stephanieland, WI 53845",christopher.thomas@green.net,4743199528
163,Tanya Gutierrez,"460 Carol Island Apt. 676, West Mary, AR 72365",tanya.gutierrez@kim.com,734.494.3258x4960
164,Ruth Patterson,"53994 Vanessa Point Apt. 544, Lake Marie, NE 68049",ruth.patterson@olson.com,+1-820-494-0904x6702
165,Jerry Robinson,"7329 Edward Oval Suite 099, East Alexton, VA 24009",jerry.robinson@kelly-salazar.com,+1-633-941-5446
166,Jake Mathews,"70522 Joshua Flat, West Kristy, MS 39033",jake.mathews@anderson-graham.com,(328)855-0418
167,Hunter Stanley,"92518 Brian Spring Suite 968, Nguyenmouth, FL 34535",hunter.stanley@smith.com,+1-886-273-0752x3816
168,Kristina Foster,"493 Trevor Curve, Garciamouth, AZ 85929",kristina.foster@lara.net,(339)862-2018x4687
169,Jason Murphy,"548 Kramer Course, Patriciahaven, NH 03707",jason.murphy@ward.net,992-664-3079x787
170,Maria Taylor,"78471 Jake Ways, New Joseph, TN 38396",maria.taylor@lopez-dean.org,903.584.3313x7185
171,Breanna Merritt,"542 Christine Well Suite 574, Neilland, VT 05153",breanna.merritt@adams.com,311.427.2912x48694
172,Ian Hurley,"4302 Mendez Extension, Nathanielview, NJ 08270",ian.hurley@li-boyd.com,484-245-1855x053
173,Joseph Robinson,"8937 James Overpass, Debraborough, WV 26003",joseph.robinson@rice.org,+1-970-542-0007x3529
174,Theodore Wagner,"20796 Erica Avenue, Howardtown, NC 28025",theodore.wagner@olson.com,548-258-6895x2793
175,Pamela Yates,"815 Briggs Mission Suite 121, New Jamesmouth, IL 62192",pamela.yates@abbott-randolph.com,(523)993-7033
176,Nicholas Burke,"8746 Dean View, East Lauren, VI 00804",nicholas.burke@kelly-simmons.com,001-746-606-5696x27983
177,Seth Garrison,"17425 Lawrence Burg, North Calvinville, WA 99259",seth.garrison@ward-friedman.com,245.358.1814
178,Michelle Cooper,"607 Evans Inlet Suite 909, Lake Josephmouth, WY 82433",michelle.cooper@gardner.org,634.725.9693
179,James Nelson,"55955 Moore Camp, Jamieberg, WA 98409",james.nelson@arellano-kelley.com,793.641.2066x366
180,Joshua Hansen,"819 Graves Mountain Apt. 967, Port Lori, OH 45422",joshua.hansen@martin-dean.biz,679.667.7194x5516
181,Donna Ayala,"9539 David Keys, Georgeborough, MH 96960",donna.ayala@miranda.com,+1-865-372-6889x158
182,Edwin Rodriguez,"1164 Chad Brooks, New James, FL 32386",edwin.rodriguez@woodard.com,(404)335-3179
183,Victor Reynolds,"0532 Laura Passage Suite 199, Tatetown, LA 70326",victor.reynolds@lee.com,+1-656-912-1592
184,Sean Morris,"4939 Sanchez Parkway Suite 968, Lake Kathy, CO 80336",sean.morris@sanders.com,+1-254-976-1013x243
185,Louis Arnold,"133 Dean Rue Suite 826, Orrbury, DC 20020",louis.arnold@martin.com,+1-488-550-4006x4106
186,Jay Luna,"239 Stacy Stream, East Jermaineborough, PR 00723",jay.luna@simpson.com,001-282-387-2328x9850
187,Ryan Keith,"5807 Jones Ranch Suite 282, Lake Williamchester, ME 04940",ryan.keith@reynolds.net,(433)955-8088x0647
188,Craig Smith,"4068 Cole Rue, Lake Ronaldbury, PW 96940",craig.smith@haynes-miller.com,+1-701-386-2106
189,Taylor Young,"548 Kramer Course, Patriciahaven, NH 03707",taylor.young@lucas-huynh.com,001-929-767-4505x3094
190,David Cox,"689 Frye Extensions, South Amanda, OR 97419",david.cox@petersen.com,589-777-6039x29658
191,Veronica Taylor,"353 Sharp Mountain, Kimberlytown, VA 22439",veronica.taylor@sutton.com,(996)282-1743
192,Katherine Melendez,"822 Russell Stream, East Robertfurt, MT 59423",katherine.melendez@mcclain.net,629.760.0278
193,Jamie Evans,"38454 Alyssa Light Suite 374, West Sandraburgh, DC 20021",jamie.evans@green-williams.com,+1-802-564-9921x72925
194,James Carter,"5807 Jones Ranch Suite 282, Lake Williamchester, ME 04940",james.carter@stone.com,893.249.0371x4570
195,James Smith,"2017 Anthony Island, Port Anthonystad, NJ 08613",james.smith@cunningham.com,+1-619-717-7445x544
196,Amber Carson,"6390 Scott Run, North Rebeccahaven, ID 83370",amber.carson@thomas.biz,377.974.1107
197,Brandon Brown,"2017 Anthony Island, Port Anthonystad, NJ 08613",brandon.brown@mathis-roberson.com,(665)688-4906x8055
198,Rachel Williams,"9041 Kelsey Passage, Port Lauren, AS 96799",rachel.williams@cohen.info,9545327470
199,Elizabeth Powell,"32387 Watts Mission, Stevensonville, PW 96940",elizabeth.powell@taylor-luna.com,001-601-559-7845x6674
200,David Malone,"5807 Jones Ranch Suite 282, Lake Williamchester, ME 04940",david.malone@garcia.com,725.220.0674
201,Tyler Wolf,"316 Hubbard Views Apt. 838, Vasquezstad, MO 63460",tyler.wolf@flores-schmidt.com,001-438-342-5214x117
202,Teresa Salazar,"55955 Moore Camp, Jamieberg, WA 98409",teresa.salazar@ramirez-levine.com,(879)820-1112x191
203,Shelby Joseph,"851 Cobb Rapid Suite 994, Sosaside, CT 06305",shelby.joseph@barnes.org,(608)626-3777x34201
204,Steven Jones,"878 Michael Crest, Sarahfort, LA 70407",steven.jones@gardner.com,001-339-476-4749x3255
205,Amanda Allison,"78620 Aguilar Forest, Marcusmouth, MS 38706",amanda.allison@ross.com,001-778-836-9312
206,Kristin Rodriguez,"548 Martin Road Suite 779, Harrisonland, PA 17233",kristin.rodriguez@mcintyre-carter.org,608-583-2183x6296
207,Patrick Hutchinson,"7759 Thomas Flat, New Cynthialand, ID 83264",patrick.hutchinson@young.com,911.651.7891
208,Stephen Crawford,"15863 Rachel Crossroad Apt. 959, Lake Jean, PR 00797",stephen.crawford@clark.com,848.796.5136x8358
209,Alison Cooper,"42596 Christina Tunnel, Stephanieland, WI 53845",alison.cooper@gray.com,852-329-5647x6280
210,Michael Watson,"2040 Travis Shoal Apt. 951, West Maryfurt, MO 63502",michael.watson@allison.biz,001-420-849-0345x7560
211,Christian Ramirez,"819 Graves Mountain Apt. 967, Port Lori, OH 45422",christian.ramirez@king.com,4684417573
212,Aaron Jackson,"3411 Sarah Prairie Apt. 616, West Linda, FM 96941",aaron.jackson@freeman.com,(300)971-6077
213,Diana Bentley,"53994 Vanessa Point Apt. 544, Lake Marie, NE 68049",diana.bentley@young-williams.com,+1-762-579-7925x10814
214,David Weaver DVM,"8456 Tammie Forges Suite 668, Hugheschester, HI 96792",david.weaver.dvm@sanchez.com,+1-376-360-4290x9813
215,Laurie Williams,"8052 Campbell Gateway, Elizabethhaven, MH 96962",laurie.williams@cook-gutierrez.com,001-597-913-8454x1864
216,Dominique Reed,"3140 Elizabeth Trafficway, Frankbury, MT 59368",dominique.reed@macdonald.com,(453)884-9337
217,Jennifer Garcia,"89229 Benson Village Suite 269, North Taylor, WV 26035",jennifer.garcia@beck.info,986-687-3516x1001
218,Amy Shelton,"763 Lara Mount, West Natasha, MT 59354",amy.shelton@morse.com,581.709.8411x42530
219,Christopher Perry,"7329 Edward Oval Suite 099, East Alexton, VA 24009",christopher.perry@nelson.com,906.672.2932x9767
220,Christina Winters,"51166 Scott Crossroad Apt. 140, Kimberlyland, RI 02861",christina.winters@miller.com,001-844-560-8395x167
221,Colin Howe,"616 Megan Wells Suite 111, Millerville, NE 68075",colin.howe@brooks.info,(210)523-7890
222,Stacy Jones,"3080 Mckay Unions Apt. 456, Valentineshire, AZ 86132",stacy.jones@sharp-holland.com,220.768.9512x08063
223,Stephanie Porter,"17411 Hayden Pass Suite 938, Boydshire, FM 96941",stephanie.porter@friedman.net,+1-585-261-9505
224,Nicole Durham,"8655 Davenport Ville Suite 860, West Pamelaland, TX 78885",nicole.durham@moore.com,396.828.0650x8751
225,David Francis,"766 Natalie Ports Apt. 631, Marshmouth, WA 98708",david.francis@jones-brown.com,371-385-0763x90541
226,Haley Cummings,"6390 Scott Run, North Rebeccahaven, ID 83370",haley.cummings@martin.net,+1-404-842-4460x83807
227,Jason Dudley,"8162 Shelton Prairie Suite 399, Tanyafurt, VA 22167",jason.dudley@sandoval.info,+1-202-445-3830x54438
228,Kimberly White,"60145 Morgan Wall, East Markmouth, MH 96961",kimberly.white@hansen.com,001-940-813-2387x864
229,Francis Clarke,"59784 Gray Mountain, Brittneyview, IA 51529",francis.clarke@sloan.com,840-993-0514x751
230,Michael Mendoza,"878 Michael Crest, Sarahfort, LA 70407",michael.mendoza@wise-brown.com,(908)705-1882
231,Robert Jones,"7759 Thomas Flat, New Cynthialand, ID 83264",robert.jones@smith.com,+1-392-461-1482x81528
232,Kevin Salazar,"8456 Tammie Forges Suite 668, Hugheschester, HI 96792",kevin.salazar@murphy-duncan.com,367-562-1510x9325
233,Michael Brandt,"37010 Christine Dale Suite 484, Port Danielleshire, SC 29216",michael.brandt@ferguson.biz,(597)701-6651x4549
234,Mark Adams,"721 Frederick Oval Apt. 083, South Jenniferland, FM 96943",mark.adams@jackson.com,839-756-3520x74139
235,Vincent Brown,"490 Sparks Gateway, East Catherinemouth, IL 60584",vincent.brown@franco.biz,329-748-6137
236,Mrs. Megan Davis,"696 Derek Ways, Lambfort, MD 21417",mrs..megan.davis@davidson.com,601.234.7763
237,Melissa Baker,"7934 Wendy Cape, Sparksborough, PR 00709",melissa.baker@smith.com,532.253.0132x045
238,Mr. Kevin Phillips,"767 Adams Freeway, North Anneton, CO 81468",mr..kevin.phillips@gonzales-foster.info,740-394-6465
239,Nicholas Moore,"044 Blackburn Station, Jacobtown, NJ 07334",nicholas.moore@morales-martinez.org,378-939-5124x75124
240,Briana Lara,"17425 Lawrence Burg, North Calvinville, WA 99259",briana.lara@salazar.info,(689)222-6193
241,Steven Morris,"493 Trevor Curve, Garciamouth, AZ 85929",steven.morris@shields.com,+1-965-325-6968x90037
242,Lori Cooper,"1151 Gregory Corners, Codybury, MO 65425",lori.cooper@navarro.com,442-550-7207x8595
243,Kelsey White,"542 Christine Well Suite 574, Neilland, VT 05153",kelsey.white@cain.com,715.235.4297
244,Jessica Hall,"8273 David Islands Suite 659, South Jessica, GU 96924",jessica.hall@brown.com,9435677590
245,David Hahn,"675 Debra Oval Suite 548, West Adrienneview, NH 03451",david.hahn@spencer.com,5377141518
246,Joseph Hartman DDS,"1690 Phelps Path Apt. 917, East Nicholastown, MN 56718",joseph.hartman.dds@reeves-brown.info,808-462-0428x8722
247,Eileen Newton,"7759 Thomas Flat, New Cynthialand, ID 83264",eileen.newton@robinson-knapp.com,795-542-5382x796
248,Matthew Harris,"8718 Jackson Drive Suite 618, Colleenburgh, MS 39114",matthew.harris@frost.com,985.417.1168x14804
249,Christina Hardy,"15863 Rachel Crossroad Apt. 959, Lake Jean, PR 00797",christina.hardy@smith.net,+1-329-225-1694x09927
250,Alexis Peck,"11517 Timothy Crest, South Barbara, WA 98352",alexis.peck@lester.com,742.854.4939x4358
251,Andrew Freeman,"7345 Gregory Center, Mcdonaldburgh, RI 02859",andrew.freeman@bates.com,001-809-754-6477x91197
252,John Thomas,"834 Billy Route, Catherineville, ID 83785",john.thomas@adams.info,435-247-9859x058
253,Amber Pennington,"1415 Vanessa View, Port Christine, VI 00805",amber.pennington@chavez-stark.com,725-866-4485
254,George Mcmillan,"19643 Keith Greens Apt. 081, East Jessicaville, WV 26311",george.mcmillan@henry.net,(385)319-6667
255,Alexis Lopez,"8943 Ramirez Well, Bradleyhaven, LA 70174",alexis.lopez@torres.com,(531)467-1908
256,Roy Johnson,"0509 Jason Summit, Bridgesland, MS 38785",roy.johnson@ward.biz,(900)720-5007
257,Scott Jones,"763 Lara Mount, West Natasha, MT 59354",scott.jones@austin.com,+1-874-536-0680x833
258,Dr. Michael Wright,"0345 Duarte Fork Suite 252, West Colinmouth, SC 29849",dr..michael.wright@olson.org,553.548.3820
259,Vincent Ellis,"77207 Carol Hill, Stephenton, NC 27021",vincent.ellis@garcia.com,+1-444-560-4842
260,Stephanie Olson,"082 Williams Branch, Chenshire, AL 35222",stephanie.olson@owens-ramos.com,(220)509-4852x9956
261,Blake Bennett,"8162 Shelton Prairie Suite 399, Tanyafurt, VA 22167",blake.bennett@cruz.com,561.308.7005x7699
262,Ashley Smith,"13100 Charles Light, North Alyssamouth, PA 17122",ashley.smith@hall.net,(730)438-5734x3626
263,Bill Stanley,"766 Natalie Ports Apt. 631, Marshmouth, WA 98708",bill.stanley@dominguez.com,625-607-8109
264,Matthew Dudley,"13100 Charles Light, North Alyssamouth, PA 17122",matthew.dudley@carlson.info,464.287.0829
265,Martha Dixon,"334 Mark Heights Suite 497, Michaelchester, NE 68007",martha.dixon@wise-clark.org,358.978.8736x14554
266,Cathy Koch,"525 Wyatt Ranch Suite 890, East Timothyfort, WY 82165",cathy.koch@wade-soto.net,+1-858-335-8063
267,Sarah Cox,"578 Kelly Street Apt. 835, West Allenville, VA 22054",sarah.cox@lloyd-french.com,476-966-3338
268,Lori Hernandez,"79787 Parker Forest, Lopezshire, NJ 07070",lori.hernandez@howard.biz,6282767746
269,Patrick Grant,"7934 Wendy Cape, Sparksborough, PR 00709",patrick.grant@wright.com,(914)258-2605
270,Holly Miller,"979 Christine Corners, Floresbury, IL 62042",holly.miller@bennett.com,(578)680-8848
271,Charles Adams,"2040 Travis Shoal Apt. 951, West Maryfurt, MO 63502",charles.adams@ramirez.info,561-951-1233
272,Tyler Henderson,"12108 Anderson Way, East Amyton, CT 06380",tyler.henderson@villarreal.biz,932.983.2193x22045
273,David Martinez,"7011 Rodney Views, West Gregorystad, KY 40030",david.martinez@rodriguez.com,+1-639-340-4877
274,Christopher Hudson,"878 Michael Crest, Sarahfort, LA 70407",christopher.hudson@richmond.com,614.475.0771x7430
275,Paula Sanders,"78358 Sandra Hills Suite 906, Lake Staceystad, ME 04018",paula.sanders@hensley.com,+1-597-214-6007x43515
276,Frances Smith,"412 Reed Fords Apt. 448, Daniellestad, WA 98205",frances.smith@middleton.com,+1-322-353-3802x3707
277,Peggy Hahn,"0794 Smith Park Suite 548, Thompsonfurt, MT 59115",peggy.hahn@schwartz.com,+1-791-768-3130x96333
278,Tina Walton,"3086 Shawn Ridges Apt. 374, Port Mark, MT 59280",tina.walton@ayers.com,247-434-0790x71200
279,Robert Davis,"94861 Sandra Skyway, Martinezhaven, VI 00803",robert.davis@miller.com,384.390.6568
280,Kristen Williams,"1532 Samuel Forest Apt. 419, Georgeborough, TN 37145",kristen.williams@jones.com,743-784-2822x7823
281,Charles Banks,"082 Williams Branch, Chenshire, AL 35222",charles.banks@harris.info,(570)531-2314x312
282,James Pena,"171 Garcia Street, North Parkerville, TN 38123",james.pena@fletcher.com,001-605-863-1675x8839
283,William Russell,"171 Garcia Street, North Parkerville, TN 38123",william.russell@gonzalez-armstrong.com,(205)409-4004x55216
284,Angela Watson,"38166 Tyrone Unions Suite 396, East Sarah, AL 35167",angela.watson@monroe.org,763.550.9834
285,Ronald Kirk,"803 Leslie Lodge, Hernandezburgh, MP 96951",ronald.kirk@brooks.org,849-899-5162
286,Andrew White,"89229 Benson Village Suite 269, North Taylor, WV 26035",andrew.white@blake.com,955-880-5000x2449
287,Donald Guerrero,"315 Wilson Orchard, South Tamaraville, MT 59564",donald.guerrero@gallegos.com,306-208-0533x877
288,Rachel Kennedy,"319 Robert Way, Patrickbury, FL 34547",rachel.kennedy@fox-villarreal.biz,698.828.0054
289,Rebekah Rios,"611 Green Heights Apt. 573, Lake Michaelchester, MH 96963",rebekah.rios@garza.com,292.973.9119
290,James Thomas,"0963 Natasha Squares, North Barbara, WI 54208",james.thomas@eaton.com,9142165365
291,Ian Brewer,"181 Burton Route Suite 311, Vincentberg, PW 96940",ian.brewer@harmon.com,(202)967-5720x3369
292,George Chung,"02784 Pennington Views Suite 409, Lake Aaronberg, AS 96799",george.chung@lewis-blackwell.info,7814569737
293,Cassandra Rose,"5456 Patricia Shore Suite 498, New Robertchester, CO 81535",cassandra.rose@allison.com,920.244.4198x5089
294,Julie Nunez,"44093 Deborah Crescent, Seanville, MO 64974",julie.nunez@lang-ashley.com,+1-718-385-4819x29325
295,Madison Oconnor,"5809 Newman Fort Apt. 976, Rebeccaport, RI 02857",madison.oconnor@garcia-sullivan.biz,001-306-419-7518x226
296,Cody Chavez,"1164 Chad Brooks, New James, FL 32386",cody.chavez@small.org,270-859-9344x5971
297,Marilyn Johnson,"77207 Carol Hill, Stephenton, NC 27021",marilyn.johnson@wheeler.com,001-627-523-9980x08536
298,Erica Sullivan,"1995 Ayala Ford Suite 124, Conleyland, PR 00633",erica.sullivan@hicks-holland.com,956.714.4689x6094
299,John Marshall,"8273 David Islands Suite 659, South Jessica, GU 96924",john.marshall@davis.com,+1-586-682-7574x851
300,Jenna Harrell,"420 Michael Stream, South Robert, NC 27594",jenna.harrell@mason.org,+1-625-275-1855x443
301,Alexis Mendez,"611 Green Heights Apt. 573, Lake Michaelchester, MH 96963",alexis.mendez@johnson.com,8029570816
302,Laura Snow,"299 James Lodge Suite 598, Spenceside, VI 00801",laura.snow@waters.com,+1-783-993-7212x72691
303,Melissa Howard,"9037 Joshua Trafficway, Johnsonchester, VI 00805",melissa.howard@cook-figueroa.com,(866)201-9272
304,Leslie Benson,"353 Sharp Mountain, Kimberlytown, VA 22439",leslie.benson@taylor-warren.com,999-374-3925
305,Justin Perez,"28550 Miranda Valleys, Lake Roberttown, VI 00805",justin.perez@martinez-oconnor.com,555-697-7965
306,Melissa Carr,"0509 Jason Summit, Bridgesland, MS 38785",melissa.carr@woods.org,834.476.8425x4942
307,Phillip Benjamin,"2007 Monica Dale, Lake Kathleentown, OR 97279",phillip.benjamin@mendez.org,(205)240-1861x79118
308,Samantha Clarke,"925 Aaron Station Apt. 453, Davidside, VI 00801",samantha.clarke@davis.biz,(387)398-5940x2889
309,Jennifer Myers,"48901 Sanchez Heights Suite 842, East Paul, MI 48093",jennifer.myers@diaz.info,946-911-4705
310,Jenna Diaz,"0191 Alexis Mall Suite 261, Ericfurt, KY 41463",jenna.diaz@ford.com,001-530-966-4991x727
311,Marissa Choi,"834 Billy Route, Catherineville, ID 83785",marissa.choi@smith.com,601.454.4096x73347
312,Troy Mitchell,"226 Daniel Stravenue, Janefort, UT 84439",troy.mitchell@hale-pham.com,+1-940-485-2550
313,Deborah Hardy,"2007 Monica Dale, Lake Kathleentown, OR 97279",deborah.hardy@walton.com,281-503-3173x097
314,Shawn Williams,"71892 Amanda Pine, Frankville, OH 45587",shawn.williams@robinson.com,466-452-8809
315,Blake Cooper,"46431 Ryan Lodge Suite 497, Stewartland, PW 96940",blake.cooper@taylor-king.org,579.640.8394x2025
316,Bryan Brown,"31128 Key Stream, Stanleyton, KS 66874",bryan.brown@ramirez.biz,(532)880-6159x59931
317,Cassidy Arnold,"8746 Dean View, East Lauren, VI 00804",cassidy.arnold@carter.info,001-854-400-9181x10069
318,James Patterson,"12108 Anderson Way, East Amyton, CT 06380",james.patterson@phillips.com,945.807.3116x6551
319,Nathan Hall,"133 Dean Rue Suite 826, Orrbury, DC 20020",nathan.hall@martin.org,(609)377-9965
320,David Martin,"803 Leslie Lodge, Hernandezburgh, MP 96951",david.martin@ryan.com,690-770-4848
321,Mikayla Morgan,"08735 Jonathan Pines, Jamesburgh, MO 64481",mikayla.morgan@gardner.info,(291)500-2995
322,Richard Brown,"2558 Erik Court, New Travis, VA 23800",richard.brown@gomez-collins.org,001-689-875-7201
323,Rebecca Dominguez,"88321 Richard Curve Suite 439, West Nicole, MN 56144",rebecca.dominguez@fowler.com,+1-921-431-3782x449
324,Manuel Morris,"770 Jay Throughway, North Jeremyfort, NM 87875",manuel.morris@thompson-flores.com,568.761.4579
325,Tony Nunez,"689 Jackson Spurs Suite 933, North Miguelton, MH 96962",tony.nunez@costa-love.com,001-544-707-8504x380
326,Alicia Cortez,"51166 Scott Crossroad Apt. 140, Kimberlyland, RI 02861",alicia.cortez@johnson-gomez.com,(514)877-7427
327,Colleen Ford,"8746 Dean View, East Lauren, VI 00804",colleen.ford@mendez.biz,404.289.8479x36165
328,Angela Mcintosh,"851 Cobb Rapid Suite 994, Sosaside, CT 06305",angela.mcintosh@huff-turner.biz,+1-731-496-1083x8568
329,Brittany Fox,"044 Blackburn Station, Jacobtown, NJ 07334",brittany.fox@miller.biz,367-521-8252x574
330,Mr. Douglas Aguirre,"210 Howard Union Apt. 655, Lake Audrey, NH 03318",mr..douglas.aguirre@jones.com,266-850-1487x815
331,Alicia Morris,"7867 Hodges Canyon, Lake Grace, PW 96940",alicia.morris@waters.com,(683)397-4795
332,Felicia Wolf,"4513 Smith Ville Suite 454, New Tamaraburgh, FL 32677",felicia.wolf@howard.com,771-590-2031x4838
333,Tiffany Archer,"0474 Jordan Walks, Justinside, WI 54960",tiffany.archer@flores.com,648.550.8815x7695
334,Amanda Weber,"334 Mark Heights Suite 497, Michaelchester, NE 68007",amanda.weber@sanders-chang.com,001-575-746-4452x20619
335,Kimberly Lopez,"7778 Katie Dam Apt. 795, Velasquezland, WY 82620",kimberly.lopez@campbell.com,226.560.0902x70001
336,James Finley,"68432 Rhodes Unions Suite 011, East James, ME 04702",james.finley@campbell.com,001-747-949-8055x0114
337,Lisa Atkinson,"3411 Sarah Prairie Apt. 616, West Linda, FM 96941",lisa.atkinson@miller.info,+1-900-844-4954x78341
338,Michelle Wolf,"353 Bailey Inlet Apt. 862, West Devonside, ND 58462",michelle.wolf@martin-barnes.org,2988915436
339,Hannah Bishop,"43308 Allen Points, Ronaldville, KY 40220",hannah.bishop@bond.com,+1-975-459-8317x96528
340,Timothy Carlson,"29001 Le Estate, Fryetown, UT 84417",timothy.carlson@schmidt.com,(649)507-0654
341,Brian Townsend,"721 Frederick Oval Apt. 083, South Jenniferland, FM 96943",brian.townsend@huber-wheeler.com,(908)794-6265x8655
342,Clayton Lopez,"9041 Kelsey Passage, Port Lauren, AS 96799",clayton.lopez@villarreal-farrell.com,742.759.4183
343,Diana Weaver,"51166 Scott Crossroad Apt. 140, Kimberlyland, RI 02861",diana.weaver@hinton.com,(759)618-0856x52034
344,Alyssa Keller,"353 Sharp Mountain, Kimberlytown, VA 22439",alyssa.keller@hughes.com,(536)313-8741x1357
345,Michelle Nelson,"022 Michelle Coves, Lake Williammouth, NE 68023",michelle.nelson@costa.com,805-212-0332
346,Ronald Jimenez,"0509 Jason Summit, Bridgesland, MS 38785",ronald.jimenez@hughes.org,744.837.7039
347,Jasmine Garcia,"7759 Thomas Flat, New Cynthialand, ID 83264",jasmine.garcia@glover.info,+1-426-457-1699x140
348,Steven Brown,"925 Aaron Station Apt. 453, Davidside, VI 00801",steven.brown@cooper.com,(573)580-7478x9911
349,Louis Sampson,"803 Leslie Lodge, Hernandezburgh, MP 96951",louis.sampson@johnson.net,(886)727-5463x93024
350,Samuel Nguyen,"551 Todd Locks, Port Christopher, VA 23955",samuel.nguyen@barrera.biz,793.979.8231
351,Tiffany Duarte,"921 Jackson Estates Suite 635, New Emilytown, NJ 08242",tiffany.duarte@banks-baker.org,705-618-9671x24918
352,Ricardo Flores,"32387 Watts Mission, Stevensonville, PW 96940",ricardo.flores@kline-garner.info,292-980-7727
353,Melanie Mcfarland,"460 Carol Island Apt. 676, West Mary, AR 72365",melanie.mcfarland@campbell.com,+1-432-752-3798x8274
354,Jeffrey Lin,"5604 Williams Isle Suite 962, Gallagherhaven, PW 96940",jeffrey.lin@reid.net,001-616-931-6498
355,Carrie Parker,"44191 Sanchez Park Apt. 251, Kevinhaven, SC 29794",carrie.parker@johnson-marshall.biz,9169553106
356,Douglas Parsons,"5809 Newman Fort Apt. 976, Rebeccaport, RI 02857",douglas.parsons@gray-rodriguez.com,697-809-8615
357,Daniel Harrington,"606 Dustin Trail Suite 025, West Stacey, MD 21634",daniel.harrington@roberts-swanson.com,+1-864-237-7372x0206
358,Cody Johnson,"4445 Megan Manor Apt. 637, Nicholsonview, WA 98137",cody.johnson@mason-holmes.com,001-662-915-5801
359,Dennis Kirk,"548 Kramer Course, Patriciahaven, NH 03707",dennis.kirk@williams-fitzpatrick.biz,+1-669-681-8861
360,Ann Flores,"316 Hubbard Views Apt. 838, Vasquezstad, MO 63460",ann.flores@hurley-knight.com,001-340-512-4838x29682
361,Carolyn Velasquez,"18678 Anderson Cove, East Michaelfurt, HI 96734",carolyn.velasquez@ritter.com,(699)489-9721
362,Kayla Simpson,"59784 Gray Mountain, Brittneyview, IA 51529",kayla.simpson@blanchard.com,+1-509-643-0714x290
363,Michael Branch,"0438 Kathleen Haven Suite 034, South Nicole, VA 22289",michael.branch@wheeler.com,807-465-5606x4982
364,Tiffany Perez,"15863 Rachel Crossroad Apt. 959, Lake Jean, PR 00797",tiffany.perez@lawson-valentine.net,4614064270
365,Susan Simmons,"5092 Brandon Summit Apt. 518, South April, MA 02166",susan.simmons@green-tucker.com,319.333.8092x051
366,Autumn Valenzuela,"57870 Pope Mountains Suite 523, East Suzannebury, NH 03539",autumn.valenzuela@williams.com,4407387034
367,Christina Miles,"0771 Smith Freeway, South Jameschester, FL 33949",christina.miles@barron.com,7715821413
368,Kelly Delgado,"230 Jacob Islands, Port Alexander, MO 64809",kelly.delgado@young.com,286.918.8904x319
369,Katie Collins,"874 Kim Grove, South Tony, CA 91301",katie.collins@adams.com,(823)734-5684
370,Charlene Rodriguez,"353 Melissa Burg Apt. 549, Lake Cassandra, OK 73058",charlene.rodriguez@barajas.com,001-679-938-7626x793
371,Catherine Young,"878 Michael Crest, Sarahfort, LA 70407",catherine.young@hanson.com,+1-510-635-7951x79593
372,Lindsey Green,"299 James Lodge Suite 598, Spenceside, VI 00801",lindsey.green@morrison.org,(285)457-5213
373,Stephen Harris,"925 Aaron Station Apt. 453, Davidside, VI 00801",stephen.harris@gordon-fox.net,001-933-212-3552x966
374,John Torres,"889 Janet Summit, Kramerland, SD 57760",john.torres@smith.com,441-316-3932x47868
375,Derek Pena,"4377 Monica Unions Suite 488, Ashleychester, CO 81575",derek.pena@duffy-alvarado.com,892.366.3656x230
376,Ashley Wilson,"19643 Keith Greens Apt. 081, East Jessicaville, WV 26311",ashley.wilson@nguyen.net,731-308-2594
377,Elizabeth Sanchez,"3827 Vargas Freeway, Woodardshire, MH 96963",elizabeth.sanchez@daniels.com,001-994-736-2386x68612
378,Mark Haas,"05113 Carlos Trail Apt. 688, Crystalton, UT 84178",mark.haas@sanchez-lopez.org,492.372.6220x96588
379,Thomas Johnson,"13100 Charles Light, North Alyssamouth, PA 17122",thomas.johnson@nixon.com,426.924.4674x249
380,Thomas Swanson,"9041 Kelsey Passage, Port Lauren, AS 96799",thomas.swanson@martin.net,001-696-840-6081x755
381,Justin Garcia,"68951 Anthony Camp, Mcphersonbury, AK 99671",justin.garcia@leonard.com,573.587.5522x4479
382,Adam Williams,"1415 Vanessa View, Port Christine, VI 00805",adam.williams@porter-hudson.com,846.327.8397x157
383,Carrie Clark,"7867 Hodges Canyon, Lake Grace, PW 96940",carrie.clark@conner-simon.com,882.601.9617x0312
384,Heather Scott,"4679 Amanda Roads Apt. 135, North Katrinamouth, VI 00805",heather.scott@morris-powers.com,+1-282-475-5955x215
385,Elizabeth Cantu,"8052 Campbell Gateway, Elizabethhaven, MH 96962",elizabeth.cantu@swanson.com,652.222.4602
386,Angela Watkins,"1690 Phelps Path Apt. 917, East Nicholastown, MN 56718",angela.watkins@johns.com,826-657-7725
387,James Whitehead,"6042 Cathy Shores Apt. 311, West Matthewchester, AS 96799",james.whitehead@alvarado-solis.com,672.516.5463x833
388,Mr. John Johns,"878 Michael Crest, Sarahfort, LA 70407",mr..john.johns@allen-wilson.com,200.938.4975x773
389,Cynthia Freeman,"7011 Rodney Views, West Gregorystad, KY 40030",cynthia.freeman@jarvis.info,+1-641-487-4945x5498
390,Travis Garcia,"607 Evans Inlet Suite 909, Lake Josephmouth, WY 82433",travis.garcia@brown-gonzales.net,503-537-2973x68661
391,Katie Logan,"353 Sharp Mountain, Kimberlytown, VA 22439",katie.logan@woods.com,(249)746-2162x33062
392,Sara Snyder,"17425 Lawrence Burg, North Calvinville, WA 99259",sara.snyder@villarreal.biz,+1-407-484-6967x1277
393,Susan Burnett,"3494 Henry Turnpike, Williamview, FM 96944",susan.burnett@bishop.com,001-961-503-6917x91264
394,Christopher Gutierrez,"7867 Hodges Canyon, Lake Grace, PW 96940",christopher.gutierrez@matthews.biz,(517)857-6650x73003
395,Julia Shaffer,"525 Wyatt Ranch Suite 890, East Timothyfort, WY 82165",julia.shaffer@watson-arnold.com,(237)676-9638x76572
396,Jared Harrison,"17411 Hayden Pass Suite 938, Boydshire, FM 96941",jared.harrison@nelson.com,384.250.0620x7026
397,Leslie Reeves,"44191 Sanchez Park Apt. 251, Kevinhaven, SC 29794",leslie.reeves@harrison.info,001-890-260-7659x426
398,Heather Mccoy,"689 Jackson Spurs Suite 933, North Miguelton, MH 96962",heather.mccoy@miranda.com,232.275.9951
399,Hailey Logan,"1843 Lauren Points Suite 396, Port Sharonfurt, IN 46339",hailey.logan@carr.org,001-992-766-0695x431
400,Heather Morrison,"334 Mark Heights Suite 497, Michaelchester, NE 68007",heather.morrison@petersen.info,(704)414-2369x59135
401,Duane Smith,"38166 Tyrone Unions Suite 396, East Sarah, AL 35167",duane.smith@mack.com,6768192815
402,Kenneth Daniels,"4480 Jerome Road Apt. 621, Port Rebecca, MI 48868",kenneth.daniels@thomas.net,(806)305-0904x065
403,Mrs. Lisa Schultz,"878 Michael Crest, Sarahfort, LA 70407",mrs..lisa.schultz@wagner.org,676.637.9296x52185
404,David Washington,"0191 Alexis Mall Suite 261, Ericfurt, KY 41463",david.washington@gonzales.com,861-590-8131x9780
405,Adam Martin,"5809 Newman Fort Apt. 976, Rebeccaport, RI 02857",adam.martin@hensley.com,(762)682-5591
406,Jack King,"2040 Travis Shoal Apt. 951, West Maryfurt, MO 63502",jack.king@moore-pierce.org,339-486-1868x4286
407,Gloria Nelson,"10600 Gabrielle Spur, North Lawrencehaven, IA 50498",gloria.nelson@jones.com,316.730.9475
408,Peter Oconnor,"370 Karen Road, North Clinton, OK 73162",peter.oconnor@moore.com,+1-788-587-8416
409,Keith Howell,"29430 Guzman Inlet Apt. 683, Clarkberg, KY 42577",keith.howell@boyd-carr.com,(712)588-6729
410,Zachary Carey,"46241 Holly Dale, West Brady, MN 55747",zachary.carey@woods-mills.info,001-602-720-5264x03367
411,Daniel Henry DDS,"7867 Hodges Canyon, Lake Grace, PW 96940",daniel.henry.dds@gentry.com,+1-957-913-0691x3546
412,Crystal Martinez,"17411 Hayden Pass Suite 938, Boydshire, FM 96941",crystal.martinez@morton.org,622.752.8852x15074
413,Jerry Vaughn,"40544 Nathan Mission Apt. 016, East Michael, NM 88383",jerry.vaughn@mason-ramirez.info,639.532.8684
414,Heather Miller,"5092 Brandon Summit Apt. 518, South April, MA 02166",heather.miller@freeman.org,001-855-450-6381x5547
415,Corey Matthews,"239 Stacy Stream, East Jermaineborough, PR 00723",corey.matthews@lin-marsh.net,001-585-390-3521x70731
416,Marisa Wallace,"61938 Smith Parks, Port Patricia, GU 96910",marisa.wallace@richardson.org,(237)377-7440x1684
417,Catherine Gonzalez,"230 Jacob Islands, Port Alexander, MO 64809",catherine.gonzalez@levine.com,+1-427-262-9530x545
418,Joseph Harris,"6999 Jon Lakes, Crystalfurt, SC 29602",joseph.harris@mcguire-morgan.org,001-597-886-7803x1816
419,Julie Hurley,"4720 Robert Landing Suite 909, Ruizmouth, PR 00716",julie.hurley@stewart.com,001-807-461-8432
420,Kimberly Edwards,"6424 Hendrix Extensions, Walkerburgh, GA 31574",kimberly.edwards@jordan.biz,001-396-815-8355x6894
421,Morgan Moore,"0438 Kathleen Haven Suite 034, South Nicole, VA 22289",morgan.moore@smith-anderson.com,222-584-7476x270
422,Joseph Williams,"53232 Anthony Radial, Marilynberg, ME 04313",joseph.williams@delgado-buck.biz,364.408.4315x6860
423,Gary Turner,"2040 Travis Shoal Apt. 951, West Maryfurt, MO 63502",gary.turner@mcfarland.com,+1-908-241-9188
424,Taylor Huber,"734 Brenda Bypass, Lake Julie, NM 88329",taylor.huber@bennett.com,927-277-9065x012
425,Gina Estrada,"08735 Jonathan Pines, Jamesburgh, MO 64481",gina.estrada@morgan.com,+1-806-627-4271
426,Michael Thomas,"6999 Jon Lakes, Crystalfurt, SC 29602",michael.thomas@gonzalez.com,(513)206-1255
427,Jennifer Powell MD,"32387 Watts Mission, Stevensonville, PW 96940",jennifer.powell.md@taylor.com,(543)305-6583x9533
428,Mrs. Deanna Garcia PhD,"54438 Gregory Forest, West Karen, MD 21419",mrs..deanna.garcia.phd@robinson.biz,+1-718-649-6755x30970
429,Taylor Byrd,"1062 Richard Park Suite 038, New Tiffany, HI 96753",taylor.byrd@mccormick.com,398.834.5004
430,Suzanne Avila,"0392 Dillon Shoal Apt. 513, Johnburgh, WY 82778",suzanne.avila@bowers-robinson.com,001-415-778-4655x66844
431,Manuel Elliott,"116 Conley Mills Apt. 509, West Nicoleland, PW 96940",manuel.elliott@castillo.com,377.521.2073x57821
432,Karen Tran,"1690 Phelps Path Apt. 917, East Nicholastown, MN 56718",karen.tran@burgess.com,792.377.0412x3820
433,Tanya Mason,"84806 Guerrero Pike, Daveton, MP 96952",tanya.mason@mullen-sutton.biz,(763)902-4448
434,Heather Brooks,"20796 Erica Avenue, Howardtown, NC 28025",heather.brooks@moss-johnson.org,001-276-294-8151
435,Derrick Keith,"834 Billy Route, Catherineville, ID 83785",derrick.keith@rasmussen.biz,297.941.8153x084
436,Andrea Lee,"936 William Underpass, Riverahaven, ID 83505",andrea.lee@donovan.info,209-440-6724
437,Alison Patterson,"116 Conley Mills Apt. 509, West Nicoleland, PW 96940",alison.patterson@garza.com,001-941-823-7780x1025
438,Jonathan Lopez,"0509 Jason Summit, Bridgesland, MS 38785",jonathan.lopez@adkins.org,957.414.5146x64532
439,David Villarreal,"420 Michael Stream, South Robert, NC 27594",david.villarreal@clark-johnson.com,001-881-252-5716x115
440,Katelyn Morgan,"38454 Alyssa Light Suite 374, West Sandraburgh, DC 20021",katelyn.morgan@kramer-james.com,(362)476-6696x462
441,Melissa Davis,"460 Carol Island Apt. 676, West Mary, AR 72365",melissa.davis@phillips-collins.com,+1-216-451-4092x90294
442,Kim Sutton,"230 Jacob Islands, Port Alexander, MO 64809",kim.sutton@adkins.org,+1-238-386-2028
443,Lynn Green,"89229 Benson Village Suite 269, North Taylor, WV 26035",lynn.green@hunt.info,+1-780-970-5833
444,Sara Ortiz,"56861 Ewing Street, Christopherview, MH 96966",sara.ortiz@brady.com,4512093886
445,Richard Schmitt,"62953 Samantha Centers, Eileenmouth, AS 96799",richard.schmitt@rodriguez.com,815.348.8858
446,Brendan Ford Jr.,"133 Dean Rue Suite 826, Orrbury, DC 20020",brendan.ford.jr.@rollins.com,(351)622-9705x739
447,David Keller,"43308 Allen Points, Ronaldville, KY 40220",david.keller@sanchez.biz,001-736-584-4492x0935
448,Leah Dixon,"31128 Key Stream, Stanleyton, KS 66874",leah.dixon@ward-richardson.biz,588.666.3714x07870
449,Margaret Nelson,"68951 Anthony Camp, Mcphersonbury, AK 99671",margaret.nelson@huynh.com,870.495.6450x6299
450,Richard Hughes,"85652 Megan Alley Suite 389, North Heidi, VA 24202",richard.hughes@medina-scott.com,+1-443-829-6909x4949
451,Daniel Armstrong,"46431 Ryan Lodge Suite 497, Stewartland, PW 96940",daniel.armstrong@potts-mitchell.com,+1-879-468-5708x74213
452,Larry Boyd,"412 Reed Fords Apt. 448, Daniellestad, WA 98205",larry.boyd@vang.com,(780)656-7446x147
453,Lisa Foster,"412 Reed Fords Apt. 448, Daniellestad, WA 98205",lisa.foster@williams.com,847.418.3177
454,Deborah Moore,"211 Stephen Parkway Apt. 925, South Ashleyton, OR 97892",deborah.moore@gomez.biz,569-332-3536x11829
455,Claudia Parks,"20796 Erica Avenue, Howardtown, NC 28025",claudia.parks@mitchell.com,001-687-797-9387
456,Craig Harris,"53232 Anthony Radial, Marilynberg, ME 04313",craig.harris@alexander-miller.net,568-630-7808x991
457,Teresa Graham,"756 Latasha Curve Apt. 616, East Michaelland, VT 05402",teresa.graham@schwartz.com,(914)695-0318
458,Mary Floyd,"3086 Shawn Ridges Apt. 374, Port Mark, MT 59280",mary.floyd@smith.com,001-529-496-0955
459,Shari Bentley,"181 Burton Route Suite 311, Vincentberg, PW 96940",shari.bentley@chan-daniel.net,001-477-599-6416x605
460,Kelly Long,"562 Webb Keys Suite 357, East Marcus, PW 96940",kelly.long@diaz.com,969.799.7714x607
461,Thomas Foster,"9539 David Keys, Georgeborough, MH 96960",thomas.foster@thomas.com,001-779-552-8624x104
462,Elizabeth Heath,"8943 Ramirez Well, Bradleyhaven, LA 70174",elizabeth.heath@robbins.com,334-793-3263x7242
463,Joel Hicks,"432 Hunter Squares Suite 694, New Jasonport, KS 66651",joel.hicks@peterson-green.com,243.498.3240x9493
464,Kevin Sloan,"05880 Jeremy Circle Suite 014, North Christie, OR 97165",kevin.sloan@garcia.com,561-457-1946x6039
465,Justin Ochoa,"38454 Alyssa Light Suite 374, West Sandraburgh, DC 20021",justin.ochoa@martin-patterson.info,(700)533-2845x489
466,James Ford,"08735 Jonathan Pines, Jamesburgh, MO 64481",james.ford@bell-zamora.net,001-387-514-2104x099
467,Kristin Johnson,"3507 Schneider Green, East Robertstad, WI 54703",kristin.johnson@barnes-price.com,001-409-549-5154
468,Rita Owens,"353 Melissa Burg Apt. 549, Lake Cassandra, OK 73058",rita.owens@rivera.org,+1-713-925-1674x07075
469,Paul Mejia,"5781 Lisa Landing Suite 373, New Brent, OR 97467",paul.mejia@murphy.com,+1-711-360-6869x2571
470,Parker Beck,"01320 Farmer Squares Apt. 085, Cunninghammouth, CO 80636",parker.beck@lopez.info,+1-437-953-1259
471,Martin Gibson,"6999 Jon Lakes, Crystalfurt, SC 29602",martin.gibson@arias.com,606-989-7154x032
472,John Herrera,"8595 Jason Skyway, New Lisa, CA 90196",john.herrera@zamora.info,676-524-5804
473,Kayla Acosta,"6549 Cheryl Mount Apt. 814, East Dianaville, NE 68082",kayla.acosta@hancock-martinez.com,672.590.7234
474,Robert Jones,"226 Daniel Stravenue, Janefort, UT 84439",robert.jones@anderson.com,+1-334-228-8162x132
475,Blake Lowery,"925 Aaron Station Apt. 453, Davidside, VI 00801",blake.lowery@barrera.net,(652)803-0688
476,David Ellison Jr.,"262 Houston Mall, Bullockborough, NM 87239",david.ellison.jr.@maxwell.com,+1-204-516-5889x41162
477,Robert Brown,"606 Dustin Trail Suite 025, West Stacey, MD 21634",robert.brown@martinez-young.com,001-947-974-2251x762
478,Steven Hinton,"0191 Alexis Mall Suite 261, Ericfurt, KY 41463",steven.hinton@johnson.com,770.566.7466x404
479,Amber Thompson,"67484 Moon Ways, Robertsontown, IN 47183",amber.thompson@blanchard.com,(514)736-6950
480,Tiffany Phillips,"315 Wilson Orchard, South Tamaraville, MT 59564",tiffany.phillips@cruz.com,+1-878-718-1851x6798
481,Kenneth Snyder MD,"12108 Anderson Way, East Amyton, CT 06380",kenneth.snyder.md@knight-lopez.com,783.337.7067
482,Krystal Kirk,"5604 Williams Isle Suite 962, Gallagherhaven, PW 96940",krystal.kirk@velasquez.com,517.747.8967x9105
483,Melissa King,"1648 Dougherty Corner Suite 396, Taylorchester, NC 28033",melissa.king@levine-riddle.biz,+1-576-311-1637
484,Alexis Steele MD,"7447 Renee Islands Apt. 950, North Denise, SD 57504",alexis.steele.md@robinson.com,(960)837-6395x6856
485,Linda Massey,"562 Webb Keys Suite 357, East Marcus, PW 96940",linda.massey@moon.org,+1-609-733-3902x082
486,Linda Brown,"548 Kramer Course, Patriciahaven, NH 03707",linda.brown@nguyen.com,214.213.8176x6652
487,Jordan Wallace,"94861 Sandra Skyway, Martinezhaven, VI 00803",jordan.wallace@benson.com,4695628589
488,Evan Lawrence,"979 Christine Corners, Floresbury, IL 62042",evan.lawrence@campbell-schmidt.biz,642.642.3321x8199
489,David Jordan,"5604 Williams Isle Suite 962, Gallagherhaven, PW 96940",david.jordan@wade-lynch.biz,432.619.6960x0976
490,Cynthia Sparks,"92518 Brian Spring Suite 968, Nguyenmouth, FL 34535",cynthia.sparks@huff.org,990.787.9324x66586
491,Ryan Dorsey,"8746 Dean View, East Lauren, VI 00804",ryan.dorsey@mclean.com,678-763-7017
492,Sarah Allen DDS,"230 Jacob Islands, Port Alexander, MO 64809",sarah.allen.dds@gray-rodriguez.com,001-427-653-8739x4573
493,Bryce White,"8681 Zachary Station, Brianburgh, UT 84234",bryce.white@ingram.com,+1-315-319-4102x629
494,Maria Allen,"15863 Rachel Crossroad Apt. 959, Lake Jean, PR 00797",maria.allen@burch-peterson.org,+1-828-723-5469
495,Brandon Drake,"4445 Megan Manor Apt. 637, Nicholsonview, WA 98137",brandon.drake@choi.com,(903)669-8980x303
496,Nicolas Bailey,"01320 Farmer Squares Apt. 085, Cunninghammouth, CO 80636",nicolas.bailey@fisher-padilla.com,(390)744-1017
497,Benjamin Wall,"457 Miller Court Apt. 916, North Brandon, MO 65793",benjamin.wall@dominguez.org,262-679-3894x1677
498,David Hamilton,"5781 Lisa Landing Suite 373, New Brent, OR 97467",david.hamilton@solis.com,783.768.6667x46571
499,Michele Garcia,"689 Jackson Spurs Suite 933, North Miguelton, MH 96962",michele.garcia@eaton-mathis.net,920.390.2408
500,Christian Carter,"6042 Cathy Shores Apt. 311, West Matthewchester, AS 96799",christian.carter@ochoa.com,667.736.4730x56678
501,Jose Miller,"48986 Heather Cove, Martinezfurt, AR 72164",jose.miller@stout-watkins.com,001-452-405-9873x362
502,Mr. Steven Hernandez,"10600 Gabrielle Spur, North Lawrencehaven, IA 50498",mr..steven.hernandez@chapman-flores.com,651.992.2663
503,Alan Jefferson,"3494 Henry Turnpike, Williamview, FM 96944",alan.jefferson@harmon.com,922-746-3551x32144
504,Anna Daniels,"08735 Jonathan Pines, Jamesburgh, MO 64481",anna.daniels@dillon.com,(738)211-0202x143
505,Derrick Collier,"68432 Rhodes Unions Suite 011, East James, ME 04702",derrick.collier@jordan.com,001-519-300-9306x7699
506,Dana Mills,"211 Stephen Parkway Apt. 925, South Ashleyton, OR 97892",dana.mills@johnston.com,780-416-7593
507,James Francis,"0963 Natasha Squares, North Barbara, WI 54208",james.francis@hunt.info,629-964-8214
508,Melinda Silva,"5092 Brandon Summit Apt. 518, South April, MA 02166",melinda.silva@lewis.net,001-800-271-3066x9641
509,Crystal Spencer,"860 Jeanette Canyon Suite 304, West Johnborough, MH 96970",crystal.spencer@martinez.com,(368)892-4216x33762
510,Jason Scott,"4679 Amanda Roads Apt. 135, North Katrinamouth, VI 00805",jason.scott@mosley.info,6699459813
511,Jeanette Rodriguez MD,"022 Michelle Coves, Lake Williammouth, NE 68023",jeanette.rodriguez.md@sheppard-schroeder.biz,581.916.2771
512,Barbara Lindsey,"464 Watson Spur, Lake Tinashire, MP 96951",barbara.lindsey@rodriguez.com,+1-278-641-7386x16246
513,Barbara Reilly,"57870 Pope Mountains Suite 523, East Suzannebury, NH 03539",barbara.reilly@johnson.com,(656)524-0203x62438
514,Joseph Barrera,"8965 Sharon Forges Suite 835, Edwardsland, MS 39465",joseph.barrera@jackson-cain.biz,453.499.6337
515,Angela Dominguez,"35580 Nicholas Overpass Apt. 737, New Anthonytown, MH 96961",angela.dominguez@williams-cruz.biz,+1-548-695-9092x3275
516,Tamara Freeman,"0771 Smith Freeway, South Jameschester, FL 33949",tamara.freeman@jones.com,001-303-878-8174
517,Arthur Martinez,"72423 Thompson Ports, East Evan, NJ 07628",arthur.martinez@king.com,322.778.1156
518,Anthony Cook,"1690 Phelps Path Apt. 917, East Nicholastown, MN 56718",anthony.cook@stone-diaz.com,843.221.2545x449
519,Meredith Leonard,"2558 Erik Court, New Travis, VA 23800",meredith.leonard@burke.org,001-325-517-8723x80055
520,Cheryl Gordon,"2558 Erik Court, New Travis, VA 23800",cheryl.gordon@johnson.info,001-702-906-8193x901
521,Nicole Coffey,"576 Parker Stream, South Josephborough, VA 23913",nicole.coffey@vasquez.com,469-536-4536
522,Diana Robles,"947 Ward Parkway Apt. 345, Deannaland, TN 38114",diana.robles@west-galloway.com,001-874-485-8732x386
523,Tiffany Alexander,"181 Allen Bridge, West Stevenside, HI 96846",tiffany.alexander@hill.net,534-717-9895
524,Joseph Shaffer,"4480 Jerome Road Apt. 621, Port Rebecca, MI 48868",joseph.shaffer@williams.com,(605)732-3477x595
525,William Weber,"3494 Henry Turnpike, Williamview, FM 96944",william.weber@smith-jennings.org,220-612-9603x17687
526,Sarah Torres,"37010 Christine Dale Suite 484, Port Danielleshire, SC 29216",sarah.torres@watts.com,(252)737-0412x8407
527,Anna Meyer,"8746 Dean View, East Lauren, VI 00804",anna.meyer@miller-warren.com,327-532-3529
528,Nicholas Martinez,"8052 Campbell Gateway, Elizabethhaven, MH 96962",nicholas.martinez@nguyen-fuentes.biz,(477)825-6370
529,Christopher Thomas,"116 Conley Mills Apt. 509, West Nicoleland, PW 96940",christopher.thomas@booth.com,(565)729-2287x4229
530,Laura Obrien,"525 Wyatt Ranch Suite 890, East Timothyfort, WY 82165",laura.obrien@duran.com,700-204-8805x2065
531,Frederick Williamson,"96768 Kelsey Green Apt. 245, Morrisfurt, NC 28157",frederick.williamson@miranda.org,(724)416-4957
532,Mark Blair,"602 Tanya Track, West Anthonybury, MD 21116",mark.blair@hatfield-peters.com,6144436838
533,Antonio Hunter,"044 Blackburn Station, Jacobtown, NJ 07334",antonio.hunter@garcia.com,582.692.0671x323
534,Sandy Jones,"42596 Christina Tunnel, Stephanieland, WI 53845",sandy.jones@murray.info,362-514-3373x85485
535,Joseph Berry,"38166 Tyrone Unions Suite 396, East Sarah, AL 35167",joseph.berry@king.biz,514-648-4487x78953
536,Elizabeth Gray,"7345 Gregory Center, Mcdonaldburgh, RI 02859",elizabeth.gray@anderson.biz,001-882-600-9205
537,George Smith,"334 Mark Heights Suite 497, Michaelchester, NE 68007",george.smith@estrada.org,558.258.8571x5822
538,Jennifer Contreras,"0191 Alexis Mall Suite 261, Ericfurt, KY 41463",jennifer.contreras@escobar.com,(753)940-4145x635
539,Kimberly Gardner,"9312 Page Lock, Robertsport, GA 31216",kimberly.gardner@smith.biz,873-468-3642x0925
540,Nicole Johnson,"548 Kramer Course, Patriciahaven, NH 03707",nicole.johnson@howard.com,699-671-5722x06190
541,Jennifer Lin,"51166 Scott Crossroad Apt. 140, Kimberlyland, RI 02861",jennifer.lin@mason.com,474.716.9922
542,Dylan Rich,"77207 Carol Hill, Stephenton, NC 27021",dylan.rich@flynn-harvey.com,872.361.3294
543,Melissa Aguirre,"985 Andrew Via, Waynemouth, SD 57573",melissa.aguirre@hill-black.biz,001-731-482-8236x05968
544,Zachary Bowers,"44581 Dylan Crossroad, East Meghanport, ND 58703",zachary.bowers@poole.com,001-318-965-6104
545,Victor Brown,"6999 Jon Lakes, Crystalfurt, SC 29602",victor.brown@martin.biz,587-818-5250
546,Susan Rivers,"2802 Brittney Junction, Brandonville, NH 03198",susan.rivers@stafford-miles.com,657.244.2246
547,Darlene Garcia,"05113 Carlos Trail Apt. 688, Crystalton, UT 84178",darlene.garcia@thompson-boyd.com,363.313.9356x330
548,Paul Fox,"2040 Travis Shoal Apt. 951, West Maryfurt, MO 63502",paul.fox@hardy.com,734-711-0761x989
549,Brian Campbell,"247 Fernandez Glens, Alanland, NJ 07510",brian.campbell@lynn.info,921.776.2779
550,Crystal Hunt,"40544 Nathan Mission Apt. 016, East Michael, NM 88383",crystal.hunt@jones.net,(292)269-2513x91816
551,Mathew Wilson,"985 Andrew Via, Waynemouth, SD 57573",mathew.wilson@sosa.net,(931)688-3390x0440
552,Patricia Cox,"3086 Shawn Ridges Apt. 374, Port Mark, MT 59280",patricia.cox@sheppard.com,916-363-6462
553,Carlos Yang,"116 Conley Mills Apt. 509, West Nicoleland, PW 96940",carlos.yang@hart-rose.com,428-906-4060
554,Noah Oneill,"89229 Benson Village Suite 269, North Taylor, WV 26035",noah.oneill@chandler-white.com,+1-323-224-2354
555,Renee Davis,"205 Laurie Spring, Brookstown, NH 03843",renee.davis@mann.com,536-460-0086
556,Dylan Bowers,"07352 Walker Flat, Rogersberg, LA 70590",dylan.bowers@hall.com,5227803133
557,Denise Brown,"60145 Morgan Wall, East Markmouth, MH 96961",denise.brown@mclaughlin.com,4156405239
558,James Harris,"57440 Jessica Light Suite 864, Wallacefort, WI 53141",james.harris@delgado.biz,887-600-6046
559,Jessica Meyer,"3080 Mckay Unions Apt. 456, Valentineshire, AZ 86132",jessica.meyer@moore.com,+1-821-240-5036x1380
560,Lee Shelton,"8040 Hill Skyway Apt. 388, West Timothy, NC 28404",lee.shelton@johnson.com,827.577.2660x6257
561,Brooke Wagner MD,"171 Garcia Street, North Parkerville, TN 38123",brooke.wagner.md@bailey-becker.biz,333-517-2100x747
562,John Nelson,"13100 Charles Light, North Alyssamouth, PA 17122",john.nelson@bridges.com,001-386-957-9788x71447
563,Jonathan Cooper,"8937 James Overpass, Debraborough, WV 26003",jonathan.cooper@smith.com,(918)766-7324x40920
564,Robert Brooks,"4302 Jason Locks Suite 382, Port Paul, WY 82051",robert.brooks@jones.com,591-349-4062x67627
565,Veronica Benjamin,"11517 Timothy Crest, South Barbara, WA 98352",veronica.benjamin@carter.com,+1-282-606-4268x10970
566,Timothy Fox,"2040 Travis Shoal Apt. 951, West Maryfurt, MO 63502",timothy.fox@reese-santiago.com,+1-751-804-1793x807
567,Kenneth Pitts,"689 Frye Extensions, South Amanda, OR 97419",kenneth.pitts@brown.com,(626)432-9629x7892
568,Brandy Fowler,"8040 Hill Skyway Apt. 388, West Timothy, NC 28404",brandy.fowler@bates.net,667-558-9016x457
569,Cheryl Valenzuela MD,"3086 Shawn Ridges Apt. 374, Port Mark, MT 59280",cheryl.valenzuela.md@cisneros.com,001-986-445-9257
570,Catherine Trujillo,"5229 Sullivan Walks Suite 628, South Nancyland, VI 00805",catherine.trujillo@goodwin.com,665-763-4073
571,Kimberly Long,"92518 Brian Spring Suite 968, Nguyenmouth, FL 34535",kimberly.long@ross.info,985-818-9394
572,Amanda Pearson,"6999 Jon Lakes, Crystalfurt, SC 29602",amanda.pearson@valenzuela.com,(970)968-1331
573,Mathew Smith,"7345 Gregory Center, Mcdonaldburgh, RI 02859",mathew.smith@steele-taylor.com,9076308502
574,Michelle Robinson,"334 Mark Heights Suite 497, Michaelchester, NE 68007",michelle.robinson@hanson-owens.com,+1-663-863-6082x160
575,Vincent Glass,"815 Briggs Mission Suite 121, New Jamesmouth, IL 62192",vincent.glass@williams-martinez.biz,745-639-0638
576,Luis Werner,"0080 Nguyen Rest Apt. 672, Martinshire, OH 45981",luis.werner@cross-johns.com,209.366.0702x02828
577,Robert Bush,"8937 James Overpass, Debraborough, WV 26003",robert.bush@bailey-johnson.info,863.713.0622x21717
578,Craig Bowman,"54438 Gregory Forest, West Karen, MD 21419",craig.bowman@walker.com,(217)424-8004x8452
579,Terry Holder,"95128 Joann Plaza, New Leahborough, AL 35004",terry.holder@obrien.biz,(589)228-0094
580,Jennifer Berry,"936 William Underpass, Riverahaven, ID 83505",jennifer.berry@rojas.com,327-254-0573x2129
581,Bradley Jones,"54327 Bentley Bypass Suite 384, Lake Jessica, HI 96886",bradley.jones@raymond-perez.info,001-966-606-1335x6242
582,Mark Ruiz,"54327 Bentley Bypass Suite 384, Lake Jessica, HI 96886",mark.ruiz@conner.com,(709)692-2104x981
583,Meghan Shah,"4445 Megan Manor Apt. 637, Nicholsonview, WA 98137",meghan.shah@khan.com,562-363-1098
584,Robert Gallegos,"3479 Autumn Passage Apt. 023, East Maryfort, AK 99847",robert.gallegos@webb.org,349.607.4700x4675
585,Leslie Brady,"315 Wilson Orchard, South Tamaraville, MT 59564",leslie.brady@stevens.com,675-313-6061x355
586,Patrick Thomas,"822 Russell Stream, East Robertfurt, MT 59423",patrick.thomas@clark.com,568-444-4433x681
587,Sue Mason,"689 Jackson Spurs Suite 933, North Miguelton, MH 96962",sue.mason@taylor.net,(627)607-1650
588,Kelsey Jenkins,"29001 Le Estate, Fryetown, UT 84417",kelsey.jenkins@brown-fischer.net,4197793482
589,Debra Sharp,"29001 Le Estate, Fryetown, UT 84417",debra.sharp@chung-henson.com,+1-497-908-0999x15693
590,Daniel Potts,"921 Jackson Estates Suite 635, New Emilytown, NJ 08242",daniel.potts@douglas.biz,3649951046
591,John Schneider,"5592 Victoria Expressway Suite 706, Steelechester, HI 96888",john.schneider@lopez.com,+1-807-886-0420
592,Melissa Matthews,"4445 Megan Manor Apt. 637, Nicholsonview, WA 98137",melissa.matthews@bradford.com,202.561.6287x41313
593,David Smith,"78358 Sandra Hills Suite 906, Lake Staceystad, ME 04018",david.smith@jones-hernandez.com,+1-213-905-0536x6917
594,Tiffany Montoya,"1652 Lee Rue Suite 987, New Nathanielshire, WY 82597",tiffany.montoya@thornton.biz,(985)454-8221
595,Andrea Wilson,"0794 Smith Park Suite 548, Thompsonfurt, MT 59115",andrea.wilson@keith.net,(440)704-5887
596,Miguel Marshall,"8943 Ramirez Well, Bradleyhaven, LA 70174",miguel.marshall@sweeney.net,+1-283-770-8925x49848
597,Sara Stewart,"8681 Zachary Station, Brianburgh, UT 84234",sara.stewart@bell.info,3862250989
598,Terry Mullins,"05880 Jeremy Circle Suite 014, North Christie, OR 97165",terry.mullins@shaw.org,429.460.5571x402
599,Gregory Beard,"316 Hubbard Views Apt. 838, Vasquezstad, MO 63460",gregory.beard@robinson.net,254-754-9848
600,Henry Compton,"6697 Teresa Light, Woodport, WY 82651",henry.compton@gross.com,256-724-8980x946
601,Mia Coleman,"551 Todd Locks, Port Christopher, VA 23955",mia.coleman@navarro.com,001-638-426-5725
602,Samantha Matthews DDS,"390 Steele Mill Apt. 894, South Renee, AR 71795",samantha.matthews.dds@boone-reyes.com,2604624427
603,Jackie Bradford,"851 Cobb Rapid Suite 994, Sosaside, CT 06305",jackie.bradford@cruz.com,6998136938
604,Angelica Rodriguez,"3507 Schneider Green, East Robertstad, WI 54703",angelica.rodriguez@barnes-tapia.biz,+1-645-786-2318
605,Susan Campbell,"316 Hubbard Views Apt. 838, Vasquezstad, MO 63460",susan.campbell@lewis.net,354-595-6862x232
606,Madeline Hodge,"42596 Christina Tunnel, Stephanieland, WI 53845",madeline.hodge@roberts.com,397-548-4564
607,David Farmer,"1415 Vanessa View, Port Christine, VI 00805",david.farmer@black-garcia.info,+1-547-823-0716x91826
608,Felicia Green,"18678 Anderson Cove, East Michaelfurt, HI 96734",felicia.green@singh.com,5649054819
609,Douglas Wright,"327 Theresa Roads, West Michael, WA 99108",douglas.wright@davis.com,+1-914-773-3939x73640
610,Holly Lopez,"9098 Christopher Ranch, Jessemouth, VA 24452",holly.lopez@martinez.com,+1-495-873-2644x177
611,Joshua Moore,"925 Aaron Station Apt. 453, Davidside, VI 00801",joshua.moore@aguilar.net,9255642894
612,Katherine Martin,"395 George Courts Suite 539, Richardbury, MA 01301",katherine.martin@brown.info,774.373.2009
613,Ashley Roberts,"181 Burton Route Suite 311, Vincentberg, PW 96940",ashley.roberts@potts.com,343.857.3592
614,James Giles,"1415 Vanessa View, Port Christine, VI 00805",james.giles@miller.com,(662)775-1407
615,Sierra Chandler,"15354 Claudia Village Suite 500, North Michaelburgh, AK 99641",sierra.chandler@king.info,001-743-280-4709x90429
616,Daniel Mcbride,"4139 Bruce Ranch, Craigville, MN 55836",daniel.mcbride@porter-johnson.info,001-879-735-7013
617,Adrienne Miller,"5604 Williams Isle Suite 962, Gallagherhaven, PW 96940",adrienne.miller@black.com,+1-866-915-0959
618,Leslie Kennedy,"043 Hancock Shores, South Biancaville, MO 63389",leslie.kennedy@parker-estes.net,233.625.5651x5166
619,Lynn Nichols,"4139 Bruce Ranch, Craigville, MN 55836",lynn.nichols@moore.com,940-419-8094
620,Daniel Michael,"860 Jeanette Canyon Suite 304, West Johnborough, MH 96970",daniel.michael@martin.com,+1-911-998-7953x831
621,Dawn Wood,"4068 Cole Rue, Lake Ronaldbury, PW 96940",dawn.wood@willis.com,7515443552
622,Kathleen Cordova,"56861 Ewing Street, Christopherview, MH 96966",kathleen.cordova@kirk.com,(468)416-5764
623,Renee Ford,"71220 Mary Ferry Apt. 175, Hubbardside, UT 84352",renee.ford@farmer.com,(514)310-3447x67847
624,Karen Avila,"420 Michael Stream, South Robert, NC 27594",karen.avila@mitchell.biz,414-553-9920x0472
625,Michael Williams,"772 Short Camp, Sanchezmouth, MP 96951",michael.williams@love-davenport.net,799.388.4826x06352
626,Jeffrey Harris,"947 Ward Parkway Apt. 345, Deannaland, TN 38114",jeffrey.harris@oliver-montgomery.com,001-996-806-4845x0158
627,Guy Davis,"315 Diaz Lane, Port Barbaraland, GA 30245",guy.davis@burton-winters.info,(889)778-5614x091
628,Krista Baird,"412 Reed Fords Apt. 448, Daniellestad, WA 98205",krista.baird@west.com,+1-929-888-3959
629,Betty Ramos,"56861 Ewing Street, Christopherview, MH 96966",betty.ramos@brown-wilson.info,478-510-5097x22997
630,Glenn Mitchell,"763 Lara Mount, West Natasha, MT 59354",glenn.mitchell@jackson-williams.com,612-767-6661x2539
631,Christopher Chandler,"353 Melissa Burg Apt. 549, Lake Cassandra, OK 73058",christopher.chandler@molina.com,001-607-715-5292x52120
632,Kelly Gomez,"89229 Benson Village Suite 269, North Taylor, WV 26035",kelly.gomez@brown.net,520.953.2540
633,Pamela Anthony,"19643 Keith Greens Apt. 081, East Jessicaville, WV 26311",pamela.anthony@goodwin.com,001-519-713-0250x86631
634,Tanya Johnson,"96768 Kelsey Green Apt. 245, Morrisfurt, NC 28157",tanya.johnson@griffin.com,001-313-326-0507x374
635,Kathleen Jacobs,"5807 Jones Ranch Suite 282, Lake Williamchester, ME 04940",kathleen.jacobs@jones.info,+1-733-601-4789
636,Beverly Mcdonald,"8937 James Overpass, Debraborough, WV 26003",beverly.mcdonald@harris.com,(686)647-4290x749
637,Robert Wilson,"5897 Stevenson Rapid, East Annmouth, HI 96752",robert.wilson@snyder-andrews.com,356.540.6938
638,Michael Garcia,"770 Jay Throughway, North Jeremyfort, NM 87875",michael.garcia@palmer.com,001-937-410-7138x97291
639,Shelby Silva,"770 Jay Throughway, North Jeremyfort, NM 87875",shelby.silva@robles.org,988.259.5717
640,Deborah Skinner,"181 Burton Route Suite 311, Vincentberg, PW 96940",deborah.skinner@strong-hubbard.com,001-925-879-1599x9242
641,Kimberly Smith,"6615 Kim Trafficway Apt. 091, Scottfurt, VI 00805",kimberly.smith@rogers.net,656.516.7348x5530
642,Jason Delacruz,"562 Webb Keys Suite 357, East Marcus, PW 96940",jason.delacruz@preston.biz,(293)469-6144
643,Mr. John Conrad,"985 Andrew Via, Waynemouth, SD 57573",mr..john.conrad@perez-davis.org,+1-705-952-4885x280
644,Jonathan Bowen,"6340 Cole Fort, Heatherberg, AK 99793",jonathan.bowen@taylor.com,612-441-6753x743
645,Kayla Aguirre,"8893 Tammy Stravenue, Brianmouth, MD 20905",kayla.aguirre@walsh-hall.com,001-747-771-9414
646,Joshua Elliott,"09992 Rollins Forges, West Christianchester, IL 60448",joshua.elliott@thompson.info,+1-497-921-0791x5685
647,Elizabeth Franklin,"78620 Aguilar Forest, Marcusmouth, MS 38706",elizabeth.franklin@ramirez.com,(598)719-0874
648,Matthew Levy,"125 Murphy Ports, East Larryfort, MO 63726",matthew.levy@dominguez-drake.com,(788)919-6603
649,Elizabeth Garrison,"263 Ford Valley, West David, AS 96799",elizabeth.garrison@fox.info,001-567-667-1054x5370
650,Jeremiah Bell,"8273 David Islands Suite 659, South Jessica, GU 96924",jeremiah.bell@reed-holder.net,694-744-4383x6139
651,Karen Frazier,"0509 Jason Summit, Bridgesland, MS 38785",karen.frazier@johnson-robles.com,(415)775-2079x90942
652,Rebecca Brown,"803 Leslie Lodge, Hernandezburgh, MP 96951",rebecca.brown@meyers.com,+1-799-771-1070x913
653,Jonathan Cobb,"7759 Thomas Flat, New Cynthialand, ID 83264",jonathan.cobb@baker-smith.com,001-209-982-8990x2896
654,Jesse Bradley,"171 Garcia Street, North Parkerville, TN 38123",jesse.bradley@baker-henderson.net,001-945-219-5687x0343
655,Emily Willis,"6549 Cheryl Mount Apt. 814, East Dianaville, NE 68082",emily.willis@dixon-gonzalez.com,854-960-4166x3597
656,Amy Morton,"17425 Lawrence Burg, North Calvinville, WA 99259",amy.morton@rodriguez-barton.com,416-549-2757x82175
657,Donna Thompson,"606 Dustin Trail Suite 025, West Stacey, MD 21634",donna.thompson@bridges.com,365.681.5353x441
658,Mrs. Lisa Bradshaw,"77207 Carol Hill, Stephenton, NC 27021",mrs..lisa.bradshaw@hawkins.com,001-602-919-7996
659,Monica Branch,"7778 Katie Dam Apt. 795, Velasquezland, WY 82620",monica.branch@davis-hunt.com,840-492-3492x627
660,Shawn Davis,"834 Billy Route, Catherineville, ID 83785",shawn.davis@boyle-wilkerson.com,(790)504-0464x52146
661,Melanie Williams,"8456 Tammie Forges Suite 668, Hugheschester, HI 96792",melanie.williams@richardson.org,774.611.0052x425
662,Michele Watson,"602 Tanya Track, West Anthonybury, MD 21116",michele.watson@tyler.biz,+1-708-766-8076x1712
663,Amber Lee,"211 Stephen Parkway Apt. 925, South Ashleyton, OR 97892",amber.lee@anderson-thompson.biz,(319)732-9412x9319
664,Donald Munoz,"12108 Anderson Way, East Amyton, CT 06380",donald.munoz@ortega-townsend.net,681.340.7540
665,Brittney Stewart,"69334 Mccarthy Mission, Charlesview, ID 83457",brittney.stewart@shaw.com,+1-503-352-1393x7051
666,Laura Garcia,"902 Young Walks, North Nicole, OH 43238",laura.garcia@moreno-lozano.com,001-327-698-5968
667,Erika Walsh,"77207 Carol Hill, Stephenton, NC 27021",erika.walsh@rowland.info,001-896-227-0742x22854
668,Katherine Brooks,"575 Bradley Rapids, New Zachary, SC 29791",katherine.brooks@dixon-morales.net,(227)856-1045x86574
669,Henry Watkins,"3827 Vargas Freeway, Woodardshire, MH 96963",henry.watkins@scott.com,(963)450-9177x9973
670,Sarah Calhoun,"5229 Sullivan Walks Suite 628, South Nancyland, VI 00805",sarah.calhoun@guerra-gilbert.info,(659)675-3029
671,Michelle Taylor,"5807 Jones Ranch Suite 282, Lake Williamchester, ME 04940",michelle.taylor@richardson.com,554.885.5521x5029
