postal_address,street,city,state,zip_code
"6549 Cheryl Mount Apt. 814, East Dianaville, NE 68082",6549 Cheryl Mount Apt. 814,East Dianaville,NE,68082
"05113 Carlos Trail Apt. 688, Crystalton, UT 84178",05113 Carlos Trail Apt. 688,Crystalton,UT,84178
"4513 Smith Ville Suite 454, New Tamaraburgh, FL 32677",4513 Smith Ville Suite 454,New Tamaraburgh,FL,32677
"12108 Anderson Way, East Amyton, CT 06380",12108 Anderson Way,East Amyton,CT,06380
"46431 Ryan Lodge Suite 497, Stewartland, PW 96940",46431 Ryan Lodge Suite 497,Stewartland,PW,96940
"53994 Vanessa Point Apt. 544, Lake Marie, NE 68049",53994 Vanessa Point Apt. 544,Lake Marie,NE,68049
"3080 Mckay Unions Apt. 456, Valentineshire, AZ 86132",3080 Mckay Unions Apt. 456,Valentineshire,AZ,86132
"889 Janet Summit, Kramerland, SD 57760",889 Janet Summit,Kramerland,SD,57760
"5897 Stevenson Rapid, East Annmouth, HI 96752",5897 Stevenson Rapid,East Annmouth,HI,96752
"8937 James Overpass, Debraborough, WV 26003",8937 James Overpass,Debraborough,WV,26003
"92518 Brian Spring Suite 968, Nguyenmouth, FL 34535",92518 Brian Spring Suite 968,Nguyenmouth,FL,34535
"315 Diaz Lane, Port Barbaraland, GA 30245",315 Diaz Lane,Port Barbaraland,GA,30245
"319 Robert Way, Patrickbury, FL 34547",319 Robert Way,Patrickbury,FL,34547
"0509 Jason Summit, Bridgesland, MS 38785",0509 Jason Summit,Bridgesland,MS,38785
"18678 Anderson Cove, East Michaelfurt, HI 96734",18678 Anderson Cove,East Michaelfurt,HI,96734
"383 Christopher Shoal, Lake Jesus, DE 19808",383 Christopher Shoal,Lake Jesus,DE,19808
"874 Kim Grove, South Tony, CA 91301",874 Kim Grove,South Tony,CA,91301
"5781 Lisa Landing Suite 373, New Brent, OR 97467",5781 Lisa Landing Suite 373,New Brent,OR,97467
"8893 Tammy Stravenue, Brianmouth, MD 20905",8893 Tammy Stravenue,Brianmouth,MD,20905
"4720 Robert Landing Suite 909, Ruizmouth, PR 00716",4720 Robert Landing Suite 909,Ruizmouth,PR,00716
"315 Wilson Orchard, South Tamaraville, MT 59564",315 Wilson Orchard,South Tamaraville,MT,59564
"7867 Hodges Canyon, Lake Grace, PW 96940",7867 Hodges Canyon,Lake Grace,PW,96940
"48986 Heather Cove, Martinezfurt, AR 72164",48986 Heather Cove,Martinezfurt,AR,72164
"0615 Andrade Extension Suite 067, New Mary, MD 21509",0615 Andrade Extension Suite 067,New Mary,MD,21509
"390 Steele Mill Apt. 894, South Renee, AR 71795",390 Steele Mill Apt. 894,South Renee,AR,71795
"57440 Jessica Light Suite 864, Wallacefort, WI 53141",57440 Jessica Light Suite 864,Wallacefort,WI,53141
"60145 Morgan Wall, East Markmouth, MH 96961",60145 Morgan Wall,East Markmouth,MH,96961
"457 Miller Court Apt. 916, North Brandon, MO 65793",457 Miller Court Apt. 916,North Brandon,MO,65793
"8273 David Islands Suite 659, South Jessica, GU 96924",8273 David Islands Suite 659,South Jessica,GU,96924
"1532 Samuel Forest Apt. 419, Georgeborough, TN 37145",1532 Samuel Forest Apt. 419,Georgeborough,TN,37145
"0963 Natasha Squares, North Barbara, WI 54208",0963 Natasha Squares,North Barbara,WI,54208
"29001 Le Estate, Fryetown, UT 84417",29001 Le Estate,Fryetown,UT,84417
"71220 Mary Ferry Apt. 175, Hubbardside, UT 84352",71220 Mary Ferry Apt. 175,Hubbardside,UT,84352
"013 Herbert Inlet Apt. 100, Richardfurt, UT 84605",013 Herbert Inlet Apt. 100,Richardfurt,UT,84605
"53535 Strong Causeway, West Nathaniel, ME 04964",53535 Strong Causeway,West Nathaniel,ME,04964
"756 Latasha Curve Apt. 616, East Michaelland, VT 05402",756 Latasha Curve Apt. 616,East Michaelland,VT,05402
"3773 Hamilton Route, Whitemouth, PR 00764",3773 Hamilton Route,Whitemouth,PR,00764
"57870 Pope Mountains Suite 523, East Suzannebury, NH 03539",57870 Pope Mountains Suite 523,East Suzannebury,NH,03539
"815 Briggs Mission Suite 121, New Jamesmouth, IL 62192",815 Briggs Mission Suite 121,New Jamesmouth,IL,62192
"2017 Anthony Island, Port Anthonystad, NJ 08613",2017 Anthony Island,Port Anthonystad,NJ,08613
"299 James Lodge Suite 598, Spenceside, VI 00801",299 James Lodge Suite 598,Spenceside,VI,00801
"611 Green Heights Apt. 573, Lake Michaelchester, MH 96963",611 Green Heights Apt. 573,Lake Michaelchester,MH,96963
"8040 Hill Skyway Apt. 388, West Timothy, NC 28404",8040 Hill Skyway Apt. 388,West Timothy,NC,28404
"607 Evans Inlet Suite 909, Lake Josephmouth, WY 82433",607 Evans Inlet Suite 909,Lake Josephmouth,WY,82433
"2040 Travis Shoal Apt. 951, West Maryfurt, MO 63502",2040 Travis Shoal Apt. 951,West Maryfurt,MO,63502
"247 Fernandez Glens, Alanland, NJ 07510",247 Fernandez Glens,Alanland,NJ,07510
"936 William Underpass, Riverahaven, ID 83505",936 William Underpass,Riverahaven,ID,83505
"55955 Moore Camp, Jamieberg, WA 98409",55955 Moore Camp,Jamieberg,WA,98409
"269 Jesse Port Apt. 992, Anthonyfurt, IA 52000",269 Jesse Port Apt. 992,Anthonyfurt,IA,52000
"696 Derek Ways, Lambfort, MD 21417",696 Derek Ways,Lambfort,MD,21417
"171 Garcia Street, North Parkerville, TN 38123",171 Garcia Street,North Parkerville,TN,38123
"1652 Lee Rue Suite 987, New Nathanielshire, WY 82597",1652 Lee Rue Suite 987,New Nathanielshire,WY,82597
"89229 Benson Village Suite 269, North Taylor, WV 26035",89229 Benson Village Suite 269,North Taylor,WV,26035
"78358 Sandra Hills Suite 906, Lake Staceystad, ME 04018",78358 Sandra Hills Suite 906,Lake Staceystad,ME,04018
"9041 Kelsey Passage, Port Lauren, AS 96799",9041 Kelsey Passage,Port Lauren,AS,96799
"659 Timothy Plaza Suite 324, Kevintown, OR 97634",659 Timothy Plaza Suite 324,Kevintown,OR,97634
"48181 Amy Ways, East Johnfort, ME 04158",48181 Amy Ways,East Johnfort,ME,04158
"8655 Davenport Ville Suite 860, West Pamelaland, TX 78885",8655 Davenport Ville Suite 860,West Pamelaland,TX,78885
"4337 Isaiah Greens, Lake Williambury, MA 02324",4337 Isaiah Greens,Lake Williambury,MA,02324
"562 Webb Keys Suite 357, East Marcus, PW 96940",562 Webb Keys Suite 357,East Marcus,PW,96940
"8052 Campbell Gateway, Elizabethhaven, MH 96962",8052 Campbell Gateway,Elizabethhaven,MH,96962
"15863 Rachel Crossroad Apt. 959, Lake Jean, PR 00797",15863 Rachel Crossroad Apt. 959,Lake Jean,PR,00797
"353 Sharp Mountain, Kimberlytown, VA 22439",353 Sharp Mountain,Kimberlytown,VA,22439
"77207 Carol Hill, Stephenton, NC 27021",77207 Carol Hill,Stephenton,NC,27021
"56861 Ewing Street, Christopherview, MH 96966",56861 Ewing Street,Christopherview,MH,96966
"1164 Chad Brooks, New James, FL 32386",1164 Chad Brooks,New James,FL,32386
"205 Laurie Spring, Brookstown, NH 03843",205 Laurie Spring,Brookstown,NH,03843
"181 Burton Route Suite 311, Vincentberg, PW 96940",181 Burton Route Suite 311,Vincentberg,PW,96940
"05880 Jeremy Circle Suite 014, North Christie, OR 97165",05880 Jeremy Circle Suite 014,North Christie,OR,97165
"860 Jeanette Canyon Suite 304, West Johnborough, MH 96970",860 Jeanette Canyon Suite 304,West Johnborough,MH,96970
"133 Dean Rue Suite 826, Orrbury, DC 20020",133 Dean Rue Suite 826,Orrbury,DC,20020
"7011 Rodney Views, West Gregorystad, KY 40030",7011 Rodney Views,West Gregorystad,KY,40030
"0474 Jordan Walks, Justinside, WI 54960",0474 Jordan Walks,Justinside,WI,54960
"44191 Sanchez Park Apt. 251, Kevinhaven, SC 29794",44191 Sanchez Park Apt. 251,Kevinhaven,SC,29794
"604 Steele Keys, West Ryan, CT 06034",604 Steele Keys,West Ryan,CT,06034
"8162 Shelton Prairie Suite 399, Tanyafurt, VA 22167",8162 Shelton Prairie Suite 399,Tanyafurt,VA,22167
"3411 Sarah Prairie Apt. 616, West Linda, FM 96941",3411 Sarah Prairie Apt. 616,West Linda,FM,96941
"3507 Schneider Green, East Robertstad, WI 54703",3507 Schneider Green,East Robertstad,WI,54703
"1843 Lauren Points Suite 396, Port Sharonfurt, IN 46339",1843 Lauren Points Suite 396,Port Sharonfurt,IN,46339
"420 Michael Stream, South Robert, NC 27594",420 Michael Stream,South Robert,NC,27594
"575 Bradley Rapids, New Zachary, SC 29791",575 Bradley Rapids,New Zachary,SC,29791
"0438 Kathleen Haven Suite 034, South Nicole, VA 22289",0438 Kathleen Haven Suite 034,South Nicole,VA,22289
"602 Tanya Track, West Anthonybury, MD 21116",602 Tanya Track,West Anthonybury,MD,21116
"4377 Monica Unions Suite 488, Ashleychester, CO 81575",4377 Monica Unions Suite 488,Ashleychester,CO,81575
"0794 Smith Park Suite 548, Thompsonfurt, MT 59115",0794 Smith Park Suite 548,Thompsonfurt,MT,59115
"548 Kramer Course, Patriciahaven, NH 03707",548 Kramer Course,Patriciahaven,NH,03707
"67484 Moon Ways, Robertsontown, IN 47183",67484 Moon Ways,Robertsontown,IN,47183
"9311 Brewer Mountains Suite 171, Wilsonport, OK 73134",9311 Brewer Mountains Suite 171,Wilsonport,OK,73134
"432 Hunter Squares Suite 694, New Jasonport, KS 66651",432 Hunter Squares Suite 694,New Jasonport,KS,66651
"851 Cobb Rapid Suite 994, Sosaside, CT 06305",851 Cobb Rapid Suite 994,Sosaside,CT,06305
"09992 Rollins Forges, West Christianchester, IL 60448",09992 Rollins Forges,West Christianchester,IL,60448
"19643 Keith Greens Apt. 081, East Jessicaville, WV 26311",19643 Keith Greens Apt. 081,East Jessicaville,WV,26311
"2802 Brittney Junction, Brandonville, NH 03198",2802 Brittney Junction,Brandonville,NH,03198
"0349 Emily Park Apt. 539, Loweryberg, GA 31508",0349 Emily Park Apt. 539,Loweryberg,GA,31508
"13100 Charles Light, North Alyssamouth, PA 17122",13100 Charles Light,North Alyssamouth,PA,17122
"31128 Key Stream, Stanleyton, KS 66874",31128 Key Stream,Stanleyton,KS,66874
"69334 Mccarthy Mission, Charlesview, ID 83457",69334 Mccarthy Mission,Charlesview,ID,83457
"082 Williams Branch, Chenshire, AL 35222",082 Williams Branch,Chenshire,AL,35222
"1151 Gregory Corners, Codybury, MO 65425",1151 Gregory Corners,Codybury,MO,65425
"081 Amanda Haven, Rhodestown, SC 29229",081 Amanda Haven,Rhodestown,SC,29229
"675 Debra Oval Suite 548, West Adrienneview, NH 03451",675 Debra Oval Suite 548,West Adrienneview,NH,03451
"5456 Patricia Shore Suite 498, New Robertchester, CO 81535",5456 Patricia Shore Suite 498,New Robertchester,CO,81535
"1690 Phelps Path Apt. 917, East Nicholastown, MN 56718",1690 Phelps Path Apt. 917,East Nicholastown,MN,56718
"94757 Shawna Route, East Nathaniel, FM 96944",94757 Shawna Route,East Nathaniel,FM,96944
"834 Billy Route, Catherineville, ID 83785",834 Billy Route,Catherineville,ID,83785
"316 Hubbard Views Apt. 838, Vasquezstad, MO 63460",316 Hubbard Views Apt. 838,Vasquezstad,MO,63460
"542 Christine Well Suite 574, Neilland, VT 05153",542 Christine Well Suite 574,Neilland,VT,05153
"7778 Katie Dam Apt. 795, Velasquezland, WY 82620",7778 Katie Dam Apt. 795,Velasquezland,WY,82620
"78471 Jake Ways, New Joseph, TN 38396",78471 Jake Ways,New Joseph,TN,38396
"198 Cindy Common, East Andrew, MT 59161",198 Cindy Common,East Andrew,MT,59161
"29430 Guzman Inlet Apt. 683, Clarkberg, KY 42577",29430 Guzman Inlet Apt. 683,Clarkberg,KY,42577
"4302 Jason Locks Suite 382, Port Paul, WY 82051",4302 Jason Locks Suite 382,Port Paul,WY,82051
"262 Houston Mall, Bullockborough, NM 87239",262 Houston Mall,Bullockborough,NM,87239
"9536 Marissa Tunnel Apt. 701, Codymouth, ME 04359",9536 Marissa Tunnel Apt. 701,Codymouth,ME,04359
"17411 Hayden Pass Suite 938, Boydshire, FM 96941",17411 Hayden Pass Suite 938,Boydshire,FM,96941
"7447 Renee Islands Apt. 950, North Denise, SD 57504",7447 Renee Islands Apt. 950,North Denise,SD,57504
"3086 Shawn Ridges Apt. 374, Port Mark, MT 59280",3086 Shawn Ridges Apt. 374,Port Mark,MT,59280
"4068 Cole Rue, Lake Ronaldbury, PW 96940",4068 Cole Rue,Lake Ronaldbury,PW,96940
"69790 Kendra Extension, West Ryan, DE 19930",69790 Kendra Extension,West Ryan,DE,19930
"979 Christine Corners, Floresbury, IL 62042",979 Christine Corners,Floresbury,IL,62042
"998 Linda Meadows, New Natashaland, CO 80405",998 Linda Meadows,New Natashaland,CO,80405
"51166 Scott Crossroad Apt. 140, Kimberlyland, RI 02861",51166 Scott Crossroad Apt. 140,Kimberlyland,RI,02861
"72423 Thompson Ports, East Evan, NJ 07628",72423 Thompson Ports,East Evan,NJ,07628
"53232 Anthony Radial, Marilynberg, ME 04313",53232 Anthony Radial,Marilynberg,ME,04313
"6424 Hendrix Extensions, Walkerburgh, GA 31574",6424 Hendrix Extensions,Walkerburgh,GA,31574
"734 Brenda Bypass, Lake Julie, NM 88329",734 Brenda Bypass,Lake Julie,NM,88329
"370 Karen Road, North Clinton, OK 73162",370 Karen Road,North Clinton,OK,73162
"2558 Erik Court, New Travis, VA 23800",2558 Erik Court,New Travis,VA,23800
"37010 Christine Dale Suite 484, Port Danielleshire, SC 29216",37010 Christine Dale Suite 484,Port Danielleshire,SC,29216
"91259 Cohen Mission, Robertsside, WV 25250",91259 Cohen Mission,Robertsside,WV,25250
"606 Dustin Trail Suite 025, West Stacey, MD 21634",606 Dustin Trail Suite 025,West Stacey,MD,21634
"902 Young Walks, North Nicole, OH 43238",902 Young Walks,North Nicole,OH,43238
"181 Allen Bridge, West Stevenside, HI 96846",181 Allen Bridge,West Stevenside,HI,96846
"84806 Guerrero Pike, Daveton, MP 96952",84806 Guerrero Pike,Daveton,MP,96952
"66744 Eric Ramp, Melissatown, WA 98824",66744 Eric Ramp,Melissatown,WA,98824
"68432 Rhodes Unions Suite 011, East James, ME 04702",68432 Rhodes Unions Suite 011,East James,ME,04702
"3140 Elizabeth Trafficway, Frankbury, MT 59368",3140 Elizabeth Trafficway,Frankbury,MT,59368
"763 Lara Mount, West Natasha, MT 59354",763 Lara Mount,West Natasha,MT,59354
"6999 Jon Lakes, Crystalfurt, SC 29602",6999 Jon Lakes,Crystalfurt,SC,29602
"022 Michelle Coves, Lake Williammouth, NE 68023",022 Michelle Coves,Lake Williammouth,NE,68023
"95128 Joann Plaza, New Leahborough, AL 35004",95128 Joann Plaza,New Leahborough,AL,35004
"66434 Donna Hollow Suite 446, North Michaelfurt, NY 14809",66434 Donna Hollow Suite 446,North Michaelfurt,NY,14809
"6340 Cole Fort, Heatherberg, AK 99793",6340 Cole Fort,Heatherberg,AK,99793
"803 Leslie Lodge, Hernandezburgh, MP 96951",803 Leslie Lodge,Hernandezburgh,MP,96951
"3479 Autumn Passage Apt. 023, East Maryfort, AK 99847",3479 Autumn Passage Apt. 023,East Maryfort,AK,99847
"46241 Holly Dale, West Brady, MN 55747",46241 Holly Dale,West Brady,MN,55747
"96768 Kelsey Green Apt. 245, Morrisfurt, NC 28157",96768 Kelsey Green Apt. 245,Morrisfurt,NC,28157
"40544 Nathan Mission Apt. 016, East Michael, NM 88383",40544 Nathan Mission Apt. 016,East Michael,NM,88383
"1740 Donna Village Suite 250, Kristenland, MT 59287",1740 Donna Village Suite 250,Kristenland,MT,59287
"4302 Mendez Extension, Nathanielview, NJ 08270",4302 Mendez Extension,Nathanielview,NJ,08270
"833 Meyer Cove Suite 336, Mooreland, OK 73160",833 Meyer Cove Suite 336,Mooreland,OK,73160
"121 Diane Square Suite 925, Seanshire, UT 84114",121 Diane Square Suite 925,Seanshire,UT,84114
"12370 Daniel Fields Apt. 874, Danielland, OK 73091",12370 Daniel Fields Apt. 874,Danielland,OK,73091
"70522 Joshua Flat, West Kristy, MS 39033",70522 Joshua Flat,West Kristy,MS,39033
"4480 Jerome Road Apt. 621, Port Rebecca, MI 48868",4480 Jerome Road Apt. 621,Port Rebecca,MI,48868
"4679 Amanda Roads Apt. 135, North Katrinamouth, VI 00805",4679 Amanda Roads Apt. 135,North Katrinamouth,VI,00805
"8746 Dean View, East Lauren, VI 00804",8746 Dean View,East Lauren,VI,00804
"51139 Linda Canyon, New Nicholasfort, NM 87455",51139 Linda Canyon,New Nicholasfort,NM,87455
"685 Caitlin Fields Suite 227, Port Daniel, TN 37842",685 Caitlin Fields Suite 227,Port Daniel,TN,37842
"576 Parker Stream, South Josephborough, VA 23913",576 Parker Stream,South Josephborough,VA,23913
"04947 Susan Station, New Joshuatown, TN 37130",04947 Susan Station,New Joshuatown,TN,37130
"750 Morrow Burg Suite 265, Christineberg, AZ 86108",750 Morrow Burg Suite 265,Christineberg,AZ,86108
"10600 Gabrielle Spur, North Lawrencehaven, IA 50498",10600 Gabrielle Spur,North Lawrencehaven,IA,50498
"71892 Amanda Pine, Frankville, OH 45587",71892 Amanda Pine,Frankville,OH,45587
"8079 Mark Cliff, Phillipsside, PR 00767",8079 Mark Cliff,Phillipsside,PR,00767
"85652 Megan Alley Suite 389, North Heidi, VA 24202",85652 Megan Alley Suite 389,North Heidi,VA,24202
"6250 Kevin Plaza, Lake Phillip, NE 68055",6250 Kevin Plaza,Lake Phillip,NE,68055
"0080 Nguyen Rest Apt. 672, Martinshire, OH 45981",0080 Nguyen Rest Apt. 672,Martinshire,OH,45981
"56364 Velasquez Road Suite 975, New Tonya, AR 71789",56364 Velasquez Road Suite 975,New Tonya,AR,71789
"766 Natalie Ports Apt. 631, Marshmouth, WA 98708",766 Natalie Ports Apt. 631,Marshmouth,WA,98708
"353 Melissa Burg Apt. 549, Lake Cassandra, OK 73058",353 Melissa Burg Apt. 549,Lake Cassandra,OK,73058
"772 Short Camp, Sanchezmouth, MP 96951",772 Short Camp,Sanchezmouth,MP,96951
"43308 Allen Points, Ronaldville, KY 40220",43308 Allen Points,Ronaldville,KY,40220
"48901 Sanchez Heights Suite 842, East Paul, MI 48093",48901 Sanchez Heights Suite 842,East Paul,MI,48093
"972 Cooley Ferry, Tinahaven, NV 89305",972 Cooley Ferry,Tinahaven,NV,89305
"8456 Tammie Forges Suite 668, Hugheschester, HI 96792",8456 Tammie Forges Suite 668,Hugheschester,HI,96792
"5592 Victoria Expressway Suite 706, Steelechester, HI 96888",5592 Victoria Expressway Suite 706,Steelechester,HI,96888
"08735 Jonathan Pines, Jamesburgh, MO 64481",08735 Jonathan Pines,Jamesburgh,MO,64481
"828 Campbell Cliff, New Laura, GA 30750",828 Campbell Cliff,New Laura,GA,30750
"373 Johnson Crest, Wandaborough, AZ 85066",373 Johnson Crest,Wandaborough,AZ,85066
"3727 Miller Alley Suite 743, North Jasonfort, CT 06142",3727 Miller Alley Suite 743,North Jasonfort,CT,06142
"9539 David Keys, Georgeborough, MH 96960",9539 David Keys,Georgeborough,MH,96960
"97665 Steven Cape, Lake Randall, MD 21176",97665 Steven Cape,Lake Randall,MD,21176
"1665 Little Summit, Murphyton, OK 73126",1665 Little Summit,Murphyton,OK,73126
"6615 Kim Trafficway Apt. 091, Scottfurt, VI 00805",6615 Kim Trafficway Apt. 091,Scottfurt,VI,00805
"878 Michael Crest, Sarahfort, LA 70407",878 Michael Crest,Sarahfort,LA,70407
"578 Kelly Street Apt. 835, West Allenville, VA 22054",578 Kelly Street Apt. 835,West Allenville,VA,22054
"0191 Alexis Mall Suite 261, Ericfurt, KY 41463",0191 Alexis Mall Suite 261,Ericfurt,KY,41463
"226 Daniel Stravenue, Janefort, UT 84439",226 Daniel Stravenue,Janefort,UT,84439
"616 Megan Wells Suite 111, Millerville, NE 68075",616 Megan Wells Suite 111,Millerville,NE,68075
"822 Russell Stream, East Robertfurt, MT 59423",822 Russell Stream,East Robertfurt,MT,59423
"5807 Jones Ranch Suite 282, Lake Williamchester, ME 04940",5807 Jones Ranch Suite 282,Lake Williamchester,ME,04940
"3494 Henry Turnpike, Williamview, FM 96944",3494 Henry Turnpike,Williamview,FM,96944
"2007 Monica Dale, Lake Kathleentown, OR 97279",2007 Monica Dale,Lake Kathleentown,OR,97279
"046 Brown Station, Baldwinfort, MI 48729",046 Brown Station,Baldwinfort,MI,48729
"334 Mark Heights Suite 497, Michaelchester, NE 68007",334 Mark Heights Suite 497,Michaelchester,NE,68007
"28550 Miranda Valleys, Lake Roberttown, VI 00805",28550 Miranda Valleys,Lake Roberttown,VI,00805
"118 Pennington Unions, Gravesbury, AZ 86015",118 Pennington Unions,Gravesbury,AZ,86015
"38166 Tyrone Unions Suite 396, East Sarah, AL 35167",38166 Tyrone Unions Suite 396,East Sarah,AL,35167
"8718 Jackson Drive Suite 618, Colleenburgh, MS 39114",8718 Jackson Drive Suite 618,Colleenburgh,MS,39114
"79787 Parker Forest, Lopezshire, NJ 07070",79787 Parker Forest,Lopezshire,NJ,07070
"433 Julie Forks, Jonesstad, NJ 07471",433 Julie Forks,Jonesstad,NJ,07471
"44581 Dylan Crossroad, East Meghanport, ND 58703",44581 Dylan Crossroad,East Meghanport,ND,58703
"412 Reed Fords Apt. 448, Daniellestad, WA 98205",412 Reed Fords Apt. 448,Daniellestad,WA,98205
"0532 Laura Passage Suite 199, Tatetown, LA 70326",0532 Laura Passage Suite 199,Tatetown,LA,70326
"07352 Walker Flat, Rogersberg, LA 70590",07352 Walker Flat,Rogersberg,LA,70590
"689 Jackson Spurs Suite 933, North Miguelton, MH 96962",689 Jackson Spurs Suite 933,North Miguelton,MH,96962
"239 Stacy Stream, East Jermaineborough, PR 00723",239 Stacy Stream,East Jermaineborough,PR,00723
"5604 Williams Isle Suite 962, Gallagherhaven, PW 96940",5604 Williams Isle Suite 962,Gallagherhaven,PW,96940
"947 Ward Parkway Apt. 345, Deannaland, TN 38114",947 Ward Parkway Apt. 345,Deannaland,TN,38114
"9098 Christopher Ranch, Jessemouth, VA 24452",9098 Christopher Ranch,Jessemouth,VA,24452
"42596 Christina Tunnel, Stephanieland, WI 53845",42596 Christina Tunnel,Stephanieland,WI,53845
"7934 Wendy Cape, Sparksborough, PR 00709",7934 Wendy Cape,Sparksborough,PR,00709
"548 Martin Road Suite 779, Harrisonland, PA 17233",548 Martin Road Suite 779,Harrisonland,PA,17233
"1648 Dougherty Corner Suite 396, Taylorchester, NC 28033",1648 Dougherty Corner Suite 396,Taylorchester,NC,28033
"8681 Zachary Station, Brianburgh, UT 84234",8681 Zachary Station,Brianburgh,UT,84234
"043 Hancock Shores, South Biancaville, MO 63389",043 Hancock Shores,South Biancaville,MO,63389
"0385 Garcia Cliff, Kathleenburgh, KY 41870",0385 Garcia Cliff,Kathleenburgh,KY,41870
"8395 Vasquez Loaf, North Christopherbury, HI 96774",8395 Vasquez Loaf,North Christopherbury,HI,96774
"72277 Pearson Pass, Adamport, AL 35080",72277 Pearson Pass,Adamport,AL,35080
"1062 Richard Park Suite 038, New Tiffany, HI 96753",1062 Richard Park Suite 038,New Tiffany,HI,96753
"985 Andrew Via, Waynemouth, SD 57573",985 Andrew Via,Waynemouth,SD,57573
"35580 Nicholas Overpass Apt. 737, New Anthonytown, MH 96961",35580 Nicholas Overpass Apt. 737,New Anthonytown,MH,96961
"210 Howard Union Apt. 655, Lake Audrey, NH 03318",210 Howard Union Apt. 655,Lake Audrey,NH,03318
"53094 Glass Shoal Suite 494, Diazhaven, RI 02923",53094 Glass Shoal Suite 494,Diazhaven,RI,02923
"0392 Dillon Shoal Apt. 513, Johnburgh, WY 82778",0392 Dillon Shoal Apt. 513,Johnburgh,WY,82778
"74370 Bates Locks, Angelahaven, IL 60704",74370 Bates Locks,Angelahaven,IL,60704
"02784 Pennington Views Suite 409, Lake Aaronberg, AS 96799",02784 Pennington Views Suite 409,Lake Aaronberg,AS,96799
"921 Jackson Estates Suite 635, New Emilytown, NJ 08242",921 Jackson Estates Suite 635,New Emilytown,NJ,08242
"9037 Joshua Trafficway, Johnsonchester, VI 00805",9037 Joshua Trafficway,Johnsonchester,VI,00805
"98505 Carrie Club, Atkinsonmouth, KY 41033",98505 Carrie Club,Atkinsonmouth,KY,41033
"4445 Megan Manor Apt. 637, Nicholsonview, WA 98137",4445 Megan Manor Apt. 637,Nicholsonview,WA,98137
"79171 Mathis Villages, Saraview, MS 39476",79171 Mathis Villages,Saraview,MS,39476
"849 Paul Center Suite 548, Meghanborough, TX 79047",849 Paul Center Suite 548,Meghanborough,TX,79047
"54327 Bentley Bypass Suite 384, Lake Jessica, HI 96886",54327 Bentley Bypass Suite 384,Lake Jessica,HI,96886
"59784 Gray Mountain, Brittneyview, IA 51529",59784 Gray Mountain,Brittneyview,IA,51529
"230 Jacob Islands, Port Alexander, MO 64809",230 Jacob Islands,Port Alexander,MO,64809
"0345 Duarte Fork Suite 252, West Colinmouth, SC 29849",0345 Duarte Fork Suite 252,West Colinmouth,SC,29849
"17425 Lawrence Burg, North Calvinville, WA 99259",17425 Lawrence Burg,North Calvinville,WA,99259
"689 Frye Extensions, South Amanda, OR 97419",689 Frye Extensions,South Amanda,OR,97419
"263 Ford Valley, West David, AS 96799",263 Ford Valley,West David,AS,96799
"5809 Newman Fort Apt. 976, Rebeccaport, RI 02857",5809 Newman Fort Apt. 976,Rebeccaport,RI,02857
"551 Todd Locks, Port Christopher, VA 23955",551 Todd Locks,Port Christopher,VA,23955
"9312 Page Lock, Robertsport, GA 31216",9312 Page Lock,Robertsport,GA,31216
"88321 Richard Curve Suite 439, West Nicole, MN 56144",88321 Richard Curve Suite 439,West Nicole,MN,56144
"11517 Timothy Crest, South Barbara, WA 98352",11517 Timothy Crest,South Barbara,WA,98352
"8965 Sharon Forges Suite 835, Edwardsland, MS 39465",8965 Sharon Forges Suite 835,Edwardsland,MS,39465
"5229 Sullivan Walks Suite 628, South Nancyland, VI 00805",5229 Sullivan Walks Suite 628,South Nancyland,VI,00805
"78620 Aguilar Forest, Marcusmouth, MS 38706",78620 Aguilar Forest,Marcusmouth,MS,38706
"8943 Ramirez Well, Bradleyhaven, LA 70174",8943 Ramirez Well,Bradleyhaven,LA,70174
"7329 Edward Oval Suite 099, East Alexton, VA 24009",7329 Edward Oval Suite 099,East Alexton,VA,24009
"0771 Smith Freeway, South Jameschester, FL 33949",0771 Smith Freeway,South Jameschester,FL,33949
"925 Aaron Station Apt. 453, Davidside, VI 00801",925 Aaron Station Apt. 453,Davidside,VI,00801
"6042 Cathy Shores Apt. 311, West Matthewchester, AS 96799",6042 Cathy Shores Apt. 311,West Matthewchester,AS,96799
"38454 Alyssa Light Suite 374, West Sandraburgh, DC 20021",38454 Alyssa Light Suite 374,West Sandraburgh,DC,20021
"493 Trevor Curve, Garciamouth, AZ 85929",493 Trevor Curve,Garciamouth,AZ,85929
"868 Robinson Cliff Suite 100, New Troyview, FL 34924",868 Robinson Cliff Suite 100,New Troyview,FL,34924
"810 Miller Rue, West Gavinmouth, IL 60254",810 Miller Rue,West Gavinmouth,IL,60254
"7345 Gregory Center, Mcdonaldburgh, RI 02859",7345 Gregory Center,Mcdonaldburgh,RI,02859
"767 Adams Freeway, North Anneton, CO 81468",767 Adams Freeway,North Anneton,CO,81468
"460 Carol Island Apt. 676, West Mary, AR 72365",460 Carol Island Apt. 676,West Mary,AR,72365
"721 Frederick Oval Apt. 083, South Jenniferland, FM 96943",721 Frederick Oval Apt. 083,South Jenniferland,FM,96943
"68951 Anthony Camp, Mcphersonbury, AK 99671",68951 Anthony Camp,Mcphersonbury,AK,99671
"58885 Roberson Corner, Jenniferstad, IL 60233",58885 Roberson Corner,Jenniferstad,IL,60233
"20796 Erica Avenue, Howardtown, NC 28025",20796 Erica Avenue,Howardtown,NC,28025
"116 Conley Mills Apt. 509, West Nicoleland, PW 96940",116 Conley Mills Apt. 509,West Nicoleland,PW,96940
"6390 Scott Run, North Rebeccahaven, ID 83370",6390 Scott Run,North Rebeccahaven,ID,83370
"80442 Hill Center Apt. 807, Port Holly, MS 38902",80442 Hill Center Apt. 807,Port Holly,MS,38902
"327 Theresa Roads, West Michael, WA 99108",327 Theresa Roads,West Michael,WA,99108
"54438 Gregory Forest, West Karen, MD 21419",54438 Gregory Forest,West Karen,MD,21419
"32387 Watts Mission, Stevensonville, PW 96940",32387 Watts Mission,Stevensonville,PW,96940
"44093 Deborah Crescent, Seanville, MO 64974",44093 Deborah Crescent,Seanville,MO,64974
"5092 Brandon Summit Apt. 518, South April, MA 02166",5092 Brandon Summit Apt. 518,South April,MA,02166
"09092 Stephenson Cliff, Aliciaside, CA 92858",09092 Stephenson Cliff,Aliciaside,CA,92858
"125 Murphy Ports, East Larryfort, MO 63726",125 Murphy Ports,East Larryfort,MO,63726
"1093 Michael Creek, West Allison, OK 73133",1093 Michael Creek,West Allison,OK,73133
"6697 Teresa Light, Woodport, WY 82651",6697 Teresa Light,Woodport,WY,82651
"395 George Courts Suite 539, Richardbury, MA 01301",395 George Courts Suite 539,Richardbury,MA,01301
"4139 Bruce Ranch, Craigville, MN 55836",4139 Bruce Ranch,Craigville,MN,55836
"94861 Sandra Skyway, Martinezhaven, VI 00803",94861 Sandra Skyway,Martinezhaven,VI,00803
"770 Jay Throughway, North Jeremyfort, NM 87875",770 Jay Throughway,North Jeremyfort,NM,87875
"490 Sparks Gateway, East Catherinemouth, IL 60584",490 Sparks Gateway,East Catherinemouth,IL,60584
"01320 Farmer Squares Apt. 085, Cunninghammouth, CO 80636",01320 Farmer Squares Apt. 085,Cunninghammouth,CO,80636
"464 Watson Spur, Lake Tinashire, MP 96951",464 Watson Spur,Lake Tinashire,MP,96951
"1995 Ayala Ford Suite 124, Conleyland, PR 00633",1995 Ayala Ford Suite 124,Conleyland,PR,00633
"819 Graves Mountain Apt. 967, Port Lori, OH 45422",819 Graves Mountain Apt. 967,Port Lori,OH,45422
"61938 Smith Parks, Port Patricia, GU 96910",61938 Smith Parks,Port Patricia,GU,96910
"525 Wyatt Ranch Suite 890, East Timothyfort, WY 82165",525 Wyatt Ranch Suite 890,East Timothyfort,WY,82165
"044 Blackburn Station, Jacobtown, NJ 07334",044 Blackburn Station,Jacobtown,NJ,07334
"8595 Jason Skyway, New Lisa, CA 90196",8595 Jason Skyway,New Lisa,CA,90196
"15354 Claudia Village Suite 500, North Michaelburgh, AK 99641",15354 Claudia Village Suite 500,North Michaelburgh,AK,99641
"7759 Thomas Flat, New Cynthialand, ID 83264",7759 Thomas Flat,New Cynthialand,ID,83264
"1415 Vanessa View, Port Christine, VI 00805",1415 Vanessa View,Port Christine,VI,00805
"353 Bailey Inlet Apt. 862, West Devonside, ND 58462",353 Bailey Inlet Apt. 862,West Devonside,ND,58462
"62953 Samantha Centers, Eileenmouth, AS 96799",62953 Samantha Centers,Eileenmouth,AS,96799
"3827 Vargas Freeway, Woodardshire, MH 96963",3827 Vargas Freeway,Woodardshire,MH,96963
"1188 Wilson Mountain Apt. 168, West Williamton, KY 42527",1188 Wilson Mountain Apt. 168,West Williamton,KY,42527
"211 Stephen Parkway Apt. 925, South Ashleyton, OR 97892",211 Stephen Parkway Apt. 925,South Ashleyton,OR,97892
"1807 Rachel Lane, South Kelly, GA 31874",1807 Rachel Lane,South Kelly,GA,31874
"4939 Sanchez Parkway Suite 968, Lake Kathy, CO 80336",4939 Sanchez Parkway Suite 968,Lake Kathy,CO,80336
