{
  "version": "2.3.1-beta.0",
  "visualisation": {
    "nodes": [
      {
        "id": "n:1",
        "position": {
          "x": 0,
          "y": 0
        }
      },
      {
        "id": "n:2",
        "position": {
          "x": 0,
          "y": 300
        }
      },
      {
        "id": "n:3",
        "position": {
          "x": 298.7512794822356,
          "y": 4.370521812175454
        }
      },
      {
        "id": "n:4",
        "position": {
          "x": 308.7546239210851,
          "y": 298.1504315659679
        }
      },
      {
        "id": "n:5",
        "position": {
          "x": 299.8766954377312,
          "y": 142.2934648581997
        }
      },
      {
        "id": "n:6",
        "position": {
          "x": 148.7938956828719,
          "y": 4.82441726851223
        }
      }
    ]
  },
  "dataModel": {
    "version": "2.3.1-beta.0",
    "graphSchemaRepresentation": {
      "version": "1.0.0",
      "graphSchema": {
        "nodeLabels": [
          {
            "$id": "nl:1",
            "token": "Person",
            "properties": [
              {
                "$id": "p:1",
                "token": "tmdbId",
                "type": {
                  "type": "integer"
                },
                "nullable": true
              },
              {
                "$id": "p:2",
                "token": "name",
                "type": {
                  "type": "string"
                },
                "nullable": true
              },
              {
                "$id": "p:3",
                "token": "bornIn",
                "type": {
                  "type": "string"
                },
                "nullable": true
              },
              {
                "$id": "p:4",
                "token": "born",
                "type": {
                  "type": "datetime"
                },
                "nullable": true
              },
              {
                "$id": "p:5",
                "token": "died",
                "type": {
                  "type": "datetime"
                },
                "nullable": true
              },
              {
                "$id": "p:6",
                "token": "imdbId",
                "type": {
                  "type": "integer"
                },
                "nullable": true
              },
              {
                "$id": "p:7",
                "token": "url",
                "type": {
                  "type": "string"
                },
                "nullable": true
              },
              {
                "$id": "p:8",
                "token": "bio",
                "type": {
                  "type": "string"
                },
                "nullable": true
              },
              {
                "$id": "p:9",
                "token": "poster",
                "type": {
                  "type": "string"
                },
                "nullable": true
              }
            ]
          },
          {
            "$id": "nl:2",
            "token": "Movie",
            "properties": [
              {
                "$id": "p:10",
                "token": "movieId",
                "type": {
                  "type": "integer"
                },
                "nullable": true
              },
              {
                "$id": "p:11",
                "token": "title",
                "type": {
                  "type": "string"
                },
                "nullable": true
              },
              {
                "$id": "p:12",
                "token": "url",
                "type": {
                  "type": "string"
                },
                "nullable": true
              },
              {
                "$id": "p:13",
                "token": "runtime",
                "type": {
                  "type": "integer"
                },
                "nullable": true
              },
              {
                "$id": "p:14",
                "token": "revenue",
                "type": {
                  "type": "integer"
                },
                "nullable": true
              },
              {
                "$id": "p:15",
                "token": "budget",
                "type": {
                  "type": "integer"
                },
                "nullable": true
              },
              {
                "$id": "p:16",
                "token": "imdbRating",
                "type": {
                  "type": "float"
                },
                "nullable": true
              },
              {
                "$id": "p:17",
                "token": "released",
                "type": {
                  "type": "datetime"
                },
                "nullable": true
              },
              {
                "$id": "p:18",
                "token": "countries",
                "type": {
                  "type": "string"
                },
                "nullable": true
              },
              {
                "$id": "p:19",
                "token": "languages",
                "type": {
                  "type": "string"
                },
                "nullable": true
              },
              {
                "$id": "p:20",
                "token": "plot",
                "type": {
                  "type": "string"
                },
                "nullable": true
              },
              {
                "$id": "p:21",
                "token": "imdbVotes",
                "type": {
                  "type": "integer"
                },
                "nullable": true
              },
              {
                "$id": "p:22",
                "token": "imdbId",
                "type": {
                  "type": "integer"
                },
                "nullable": true
              },
              {
                "$id": "p:23",
                "token": "year",
                "type": {
                  "type": "integer"
                },
                "nullable": true
              },
              {
                "$id": "p:24",
                "token": "poster",
                "type": {
                  "type": "string"
                },
                "nullable": true
              },
              {
                "$id": "p:25",
                "token": "tmdbId",
                "type": {
                  "type": "integer"
                },
                "nullable": true
              }
            ]
          },
          {
            "$id": "nl:3",
            "token": "User",
            "properties": [
              {
                "$id": "p:26",
                "token": "userId",
                "type": {
                  "type": "integer"
                },
                "nullable": true
              },
              {
                "$id": "p:27",
                "token": "name",
                "type": {
                  "type": "string"
                },
                "nullable": true
              },
              {
                "$id": "p:31",
                "token": "postal_address",
                "type": {
                  "type": "string"
                },
                "nullable": true
              },
              {
                "$id": "p:32",
                "token": "email",
                "type": {
                  "type": "string"
                },
                "nullable": true
              },
              {
                "$id": "p:33",
                "token": "phone",
                "type": {
                  "type": "string"
                },
                "nullable": true
              }
            ]
          },
          {
            "$id": "nl:4",
            "token": "Genre",
            "properties": [
              {
                "$id": "p:28",
                "token": "name",
                "type": {
                  "type": "string"
                },
                "nullable": true
              }
            ]
          },
          {
            "$id": "nl:5",
            "token": "Stream",
            "properties": [
              {
                "$id": "p:34",
                "token": "streamId",
                "type": {
                  "type": "integer"
                },
                "nullable": true
              },
              {
                "$id": "p:35",
                "token": "startTime",
                "type": {
                  "type": "string"
                },
                "nullable": true
              },
              {
                "$id": "p:36",
                "token": "completed",
                "type": {
                  "type": "boolean"
                },
                "nullable": true
              }
            ]
          },
          {
            "$id": "nl:6",
            "token": "Address",
            "properties": [
              {
                "$id": "p:39",
                "token": "postal_address",
                "type": {
                  "type": "string"
                },
                "nullable": true
              },
              {
                "$id": "p:40",
                "token": "street",
                "type": {
                  "type": "string"
                },
                "nullable": true
              },
              {
                "$id": "p:41",
                "token": "city",
                "type": {
                  "type": "string"
                },
                "nullable": true
              },
              {
                "$id": "p:42",
                "token": "state",
                "type": {
                  "type": "string"
                },
                "nullable": true
              },
              {
                "$id": "p:43",
                "token": "zip_code",
                "type": {
                  "type": "integer"
                },
                "nullable": true
              }
            ]
          }
        ],
        "relationshipTypes": [
          {
            "$id": "rt:1",
            "token": "ACTED_IN",
            "properties": [
              {
                "$id": "p:29",
                "token": "role",
                "type": {
                  "type": "string"
                },
                "nullable": true
              }
            ]
          },
          {
            "$id": "rt:2",
            "token": "DIRECTED",
            "properties": []
          },
          {
            "$id": "rt:3",
            "token": "RATED",
            "properties": [
              {
                "$id": "p:30",
                "token": "rating",
                "type": {
                  "type": "float"
                },
                "nullable": true
              }
            ]
          },
          {
            "$id": "rt:4",
            "token": "IN_GENRE",
            "properties": []
          },
          {
            "$id": "rt:6",
            "token": "STREAMED",
            "properties": []
          },
          {
            "$id": "rt:5",
            "token": "STARTED",
            "properties": []
          },
          {
            "$id": "rt:7",
            "token": "PURCHASED",
            "properties": [
              {
                "$id": "p:37",
                "token": "cost",
                "type": {
                  "type": "float"
                },
                "nullable": true
              },
              {
                "$id": "p:38",
                "token": "timestamp",
                "type": {
                  "type": "string"
                },
                "nullable": true
              }
            ]
          },
          {
            "$id": "rt:8",
            "token": "LIVES_AT",
            "properties": []
          }
        ],
        "nodeObjectTypes": [
          {
            "$id": "n:1",
            "labels": [
              {
                "$ref": "#nl:1"
              }
            ]
          },
          {
            "$id": "n:2",
            "labels": [
              {
                "$ref": "#nl:2"
              }
            ]
          },
          {
            "$id": "n:3",
            "labels": [
              {
                "$ref": "#nl:3"
              }
            ]
          },
          {
            "$id": "n:4",
            "labels": [
              {
                "$ref": "#nl:4"
              }
            ]
          },
          {
            "$id": "n:5",
            "labels": [
              {
                "$ref": "#nl:5"
              }
            ]
          },
          {
            "$id": "n:6",
            "labels": [
              {
                "$ref": "#nl:6"
              }
            ]
          }
        ],
        "relationshipObjectTypes": [
          {
            "$id": "r:1",
            "type": {
              "$ref": "#rt:1"
            },
            "from": {
              "$ref": "#n:1"
            },
            "to": {
              "$ref": "#n:2"
            }
          },
          {
            "$id": "r:2",
            "type": {
              "$ref": "#rt:2"
            },
            "from": {
              "$ref": "#n:1"
            },
            "to": {
              "$ref": "#n:2"
            }
          },
          {
            "$id": "r:3",
            "type": {
              "$ref": "#rt:3"
            },
            "from": {
              "$ref": "#n:3"
            },
            "to": {
              "$ref": "#n:2"
            }
          },
          {
            "$id": "r:4",
            "type": {
              "$ref": "#rt:4"
            },
            "from": {
              "$ref": "#n:2"
            },
            "to": {
              "$ref": "#n:4"
            }
          },
          {
            "$id": "r:6",
            "type": {
              "$ref": "#rt:6"
            },
            "from": {
              "$ref": "#n:5"
            },
            "to": {
              "$ref": "#n:2"
            }
          },
          {
            "$id": "r:5",
            "type": {
              "$ref": "#rt:5"
            },
            "from": {
              "$ref": "#n:3"
            },
            "to": {
              "$ref": "#n:5"
            }
          },
          {
            "$id": "r:7",
            "type": {
              "$ref": "#rt:7"
            },
            "from": {
              "$ref": "#n:3"
            },
            "to": {
              "$ref": "#n:2"
            }
          },
          {
            "$id": "r:8",
            "type": {
              "$ref": "#rt:8"
            },
            "from": {
              "$ref": "#n:3"
            },
            "to": {
              "$ref": "#n:6"
            }
          }
        ],
        "constraints": [
          {
            "$id": "c:4",
            "name": "name_Genre_uniq",
            "constraintType": "uniqueness",
            "entityType": "node",
            "nodeLabel": {
              "$ref": "#nl:4"
            },
            "properties": [
              {
                "$ref": "#p:28"
              }
            ]
          },
          {
            "$id": "c:5",
            "name": "streamId_Stream_uniq",
            "constraintType": "uniqueness",
            "entityType": "node",
            "nodeLabel": {
              "$ref": "#nl:5"
            },
            "properties": [
              {
                "$ref": "#p:34"
              }
            ]
          },
          {
            "$id": "c:1",
            "name": "tmdbId_Person_uniq",
            "constraintType": "uniqueness",
            "entityType": "node",
            "nodeLabel": {
              "$ref": "#nl:1"
            },
            "properties": [
              {
                "$ref": "#p:1"
              }
            ]
          },
          {
            "$id": "c:2",
            "name": "movieId_Movie_uniq",
            "constraintType": "uniqueness",
            "entityType": "node",
            "nodeLabel": {
              "$ref": "#nl:2"
            },
            "properties": [
              {
                "$ref": "#p:10"
              }
            ]
          },
          {
            "$id": "c:3",
            "name": "userId_User_uniq",
            "constraintType": "uniqueness",
            "entityType": "node",
            "nodeLabel": {
              "$ref": "#nl:3"
            },
            "properties": [
              {
                "$ref": "#p:26"
              }
            ]
          },
          {
            "$id": "c:6",
            "name": "postal_address_Address_uniq",
            "constraintType": "uniqueness",
            "entityType": "node",
            "nodeLabel": {
              "$ref": "#nl:6"
            },
            "properties": [
              {
                "$ref": "#p:39"
              }
            ]
          }
        ],
        "indexes": [
          {
            "$id": "i:4",
            "name": "name_Genre_uniq",
            "indexType": "default",
            "entityType": "node",
            "nodeLabel": {
              "$ref": "#nl:4"
            },
            "properties": [
              {
                "$ref": "#p:28"
              }
            ]
          },
          {
            "$id": "i:5",
            "name": "streamId_Stream_uniq",
            "indexType": "default",
            "entityType": "node",
            "nodeLabel": {
              "$ref": "#nl:5"
            },
            "properties": [
              {
                "$ref": "#p:34"
              }
            ]
          },
          {
            "$id": "i:1",
            "name": "tmdbId_Person_uniq",
            "indexType": "default",
            "entityType": "node",
            "nodeLabel": {
              "$ref": "#nl:1"
            },
            "properties": [
              {
                "$ref": "#p:1"
              }
            ]
          },
          {
            "$id": "i:2",
            "name": "movieId_Movie_uniq",
            "indexType": "default",
            "entityType": "node",
            "nodeLabel": {
              "$ref": "#nl:2"
            },
            "properties": [
              {
                "$ref": "#p:10"
              }
            ]
          },
          {
            "$id": "i:3",
            "name": "userId_User_uniq",
            "indexType": "default",
            "entityType": "node",
            "nodeLabel": {
              "$ref": "#nl:3"
            },
            "properties": [
              {
                "$ref": "#p:26"
              }
            ]
          },
          {
            "$id": "i:6",
            "name": "postal_address_Address_uniq",
            "indexType": "default",
            "entityType": "node",
            "nodeLabel": {
              "$ref": "#nl:6"
            },
            "properties": [
              {
                "$ref": "#p:39"
              }
            ]
          }
        ]
      }
    },
    "graphSchemaExtensionsRepresentation": {
      "nodeKeyProperties": [
        {
          "node": {
            "$ref": "#n:4"
          },
          "keyProperty": {
            "$ref": "#p:28"
          }
        },
        {
          "node": {
            "$ref": "#n:5"
          },
          "keyProperty": {
            "$ref": "#p:34"
          }
        },
        {
          "node": {
            "$ref": "#n:1"
          },
          "keyProperty": {
            "$ref": "#p:1"
          }
        },
        {
          "node": {
            "$ref": "#n:2"
          },
          "keyProperty": {
            "$ref": "#p:10"
          }
        },
        {
          "node": {
            "$ref": "#n:3"
          },
          "keyProperty": {
            "$ref": "#p:26"
          }
        },
        {
          "node": {
            "$ref": "#n:6"
          },
          "keyProperty": {
            "$ref": "#p:39"
          }
        }
      ]
    },
    "graphMappingRepresentation": {
      "dataSourceSchema": {
        "type": "local",
        "tableSchemas": [
          {
            "name": "extended-relationships-PURCHASED.csv",
            "expanded": true,
            "fields": [
              {
                "name": "userId",
                "sample": "387",
                "recommendedType": {
                  "type": "integer"
                }
              },
              {
                "name": "movieId",
                "sample": "5348",
                "recommendedType": {
                  "type": "integer"
                }
              },
              {
                "name": "cost",
                "sample": "10.44",
                "recommendedType": {
                  "type": "float"
                }
              },
              {
                "name": "timestamp",
                "sample": "2024-10-10 15:15:27",
                "recommendedType": {
                  "type": "string"
                }
              }
            ]
          },
          {
            "name": "extended-nodes-Stream.csv",
            "expanded": true,
            "fields": [
              {
                "name": "streamId",
                "sample": "1",
                "recommendedType": {
                  "type": "integer"
                }
              },
              {
                "name": "movieId",
                "sample": "616",
                "recommendedType": {
                  "type": "integer"
                }
              },
              {
                "name": "userId",
                "sample": "453",
                "recommendedType": {
                  "type": "integer"
                }
              },
              {
                "name": "startTime",
                "sample": "2024-06-03 06:23:57",
                "recommendedType": {
                  "type": "string"
                }
              },
              {
                "name": "completed",
                "sample": "True",
                "recommendedType": {
                  "type": "boolean"
                }
              }
            ]
          },
          {
            "name": "recommendations-nodes-Genre.csv",
            "expanded": true,
            "fields": [
              {
                "name": "name",
                "sample": "Adventure",
                "recommendedType": {
                  "type": "string"
                }
              }
            ]
          },
          {
            "name": "recommendations-nodes-User.csv",
            "expanded": true,
            "fields": [
              {
                "name": "userId",
                "sample": "1",
                "recommendedType": {
                  "type": "integer"
                }
              },
              {
                "name": "name",
                "sample": "Omar Huffman",
                "recommendedType": {
                  "type": "string"
                }
              }
            ]
          },
          {
            "name": "recommendations-relationships-ACTED_IN.csv",
            "expanded": true,
            "fields": [
              {
                "name": "person_tmdbId",
                "sample": "12899",
                "recommendedType": {
                  "type": "integer"
                }
              },
              {
                "name": "movie_movieId",
                "sample": "1",
                "recommendedType": {
                  "type": "integer"
                }
              },
              {
                "name": "role",
                "sample": "Slinky Dog (voice)",
                "recommendedType": {
                  "type": "string"
                }
              }
            ]
          },
          {
            "name": "recommendations-relationships-DIRECTED.csv",
            "expanded": true,
            "fields": [
              {
                "name": "person_tmdbId",
                "sample": "7879",
                "recommendedType": {
                  "type": "integer"
                }
              },
              {
                "name": "movie_movieId",
                "sample": "1",
                "recommendedType": {
                  "type": "integer"
                }
              }
            ]
          },
          {
            "name": "recommendations-relationships-IN_GENRE.csv",
            "expanded": true,
            "fields": [
              {
                "name": "movie_movieId",
                "sample": "114552",
                "recommendedType": {
                  "type": "integer"
                }
              },
              {
                "name": "genre_name",
                "sample": "Adventure",
                "recommendedType": {
                  "type": "string"
                }
              }
            ]
          },
          {
            "name": "recommendations-relationships-RATED.csv",
            "expanded": true,
            "fields": [
              {
                "name": "user_userId",
                "sample": "1",
                "recommendedType": {
                  "type": "integer"
                }
              },
              {
                "name": "movie_movieId",
                "sample": "2294",
                "recommendedType": {
                  "type": "integer"
                }
              },
              {
                "name": "rating",
                "sample": "2.0",
                "recommendedType": {
                  "type": "float"
                }
              }
            ]
          },
          {
            "name": "recommendations-nodes-Movie.csv",
            "expanded": true,
            "fields": [
              {
                "name": "movieId",
                "sample": "1",
                "recommendedType": {
                  "type": "integer"
                }
              },
              {
                "name": "title",
                "sample": "Toy Story",
                "recommendedType": {
                  "type": "string"
                }
              },
              {
                "name": "url",
                "sample": "https://themoviedb.org/movie/862",
                "recommendedType": {
                  "type": "string"
                }
              },
              {
                "name": "runtime",
                "sample": "81",
                "recommendedType": {
                  "type": "integer"
                }
              },
              {
                "name": "revenue",
                "sample": "373554033",
                "recommendedType": {
                  "type": "integer"
                }
              },
              {
                "name": "budget",
                "sample": "30000000",
                "recommendedType": {
                  "type": "integer"
                }
              },
              {
                "name": "imdbRating",
                "sample": "8.3",
                "recommendedType": {
                  "type": "float"
                }
              },
              {
                "name": "released",
                "sample": "1995-11-22",
                "recommendedType": {
                  "type": "datetime"
                }
              },
              {
                "name": "countries",
                "sample": "[\"USA\"]",
                "recommendedType": {
                  "type": "string"
                }
              },
              {
                "name": "languages",
                "sample": "[\"English\"]",
                "recommendedType": {
                  "type": "string"
                }
              },
              {
                "name": "plot",
                "sample": "A cowboy doll is profoundly threatened and jealous when a new spaceman figure supplants him as top t...",
                "recommendedType": {
                  "type": "string"
                }
              },
              {
                "name": "imdbVotes",
                "sample": "591836",
                "recommendedType": {
                  "type": "integer"
                }
              },
              {
                "name": "imdbId",
                "sample": "0114709",
                "recommendedType": {
                  "type": "integer"
                }
              },
              {
                "name": "year",
                "sample": "1995",
                "recommendedType": {
                  "type": "integer"
                }
              },
              {
                "name": "poster",
                "sample": "https://image.tmdb.org/t/p/w440_and_h660_face/uXDfjJbdP4ijW5hWSBrPrlKpxab.jpg",
                "recommendedType": {
                  "type": "string"
                }
              },
              {
                "name": "tmdbId",
                "sample": "862",
                "recommendedType": {
                  "type": "integer"
                }
              }
            ]
          },
          {
            "name": "recommendations-nodes-Person.csv",
            "expanded": true,
            "fields": [
              {
                "name": "tmdbId",
                "sample": "1271225",
                "recommendedType": {
                  "type": "integer"
                }
              },
              {
                "name": "name",
                "sample": "François Lallement",
                "recommendedType": {
                  "type": "string"
                }
              },
              {
                "name": "bornIn",
                "sample": "France",
                "recommendedType": {
                  "type": "string"
                }
              },
              {
                "name": "born",
                "sample": "1877-02-04",
                "recommendedType": {
                  "type": "datetime"
                }
              },
              {
                "name": "died",
                "sample": "1954-01-01",
                "recommendedType": {
                  "type": "datetime"
                }
              },
              {
                "name": "imdbId",
                "sample": "2083046",
                "recommendedType": {
                  "type": "integer"
                }
              },
              {
                "name": "url",
                "sample": "https://themoviedb.org/person/1271225",
                "recommendedType": {
                  "type": "string"
                }
              },
              {
                "name": "bio",
                "sample": "",
                "recommendedType": {
                  "type": "string"
                }
              },
              {
                "name": "poster",
                "sample": "",
                "recommendedType": {
                  "type": "string"
                }
              }
            ]
          },
          {
            "name": "extended-nodes-Address.csv",
            "expanded": true,
            "fields": [
              {
                "name": "postal_address",
                "sample": "6549 Cheryl Mount Apt. 814, East Dianaville, NE 68082",
                "recommendedType": {
                  "type": "string"
                }
              },
              {
                "name": "street",
                "sample": "6549 Cheryl Mount Apt. 814",
                "recommendedType": {
                  "type": "string"
                }
              },
              {
                "name": "city",
                "sample": "East Dianaville",
                "recommendedType": {
                  "type": "string"
                }
              },
              {
                "name": "state",
                "sample": "NE",
                "recommendedType": {
                  "type": "string"
                }
              },
              {
                "name": "zip_code",
                "sample": "68082",
                "recommendedType": {
                  "type": "integer"
                }
              }
            ]
          },
          {
            "name": "extended-nodes-User.csv",
            "expanded": true,
            "fields": [
              {
                "name": "userId",
                "sample": "1",
                "recommendedType": {
                  "type": "integer"
                }
              },
              {
                "name": "name",
                "sample": "Omar Huffman",
                "recommendedType": {
                  "type": "string"
                }
              },
              {
                "name": "postal_address",
                "sample": "2007 Monica Dale, Lake Kathleentown, OR 97279",
                "recommendedType": {
                  "type": "string"
                }
              },
              {
                "name": "email",
                "sample": "omar.huffman@sanders-cross.org",
                "recommendedType": {
                  "type": "string"
                }
              },
              {
                "name": "phone",
                "sample": "229.771.8141x21652",
                "recommendedType": {
                  "type": "string"
                }
              }
            ]
          }
        ]
      },
      "nodeMappings": [
        {
          "node": {
            "$ref": "#n:1"
          },
          "tableName": "recommendations-nodes-Person.csv",
          "propertyMappings": [
            {
              "fieldName": "tmdbId",
              "property": {
                "$ref": "#p:1"
              }
            },
            {
              "fieldName": "name",
              "property": {
                "$ref": "#p:2"
              }
            },
            {
              "fieldName": "bornIn",
              "property": {
                "$ref": "#p:3"
              }
            },
            {
              "fieldName": "born",
              "property": {
                "$ref": "#p:4"
              }
            },
            {
              "fieldName": "died",
              "property": {
                "$ref": "#p:5"
              }
            },
            {
              "fieldName": "imdbId",
              "property": {
                "$ref": "#p:6"
              }
            },
            {
              "fieldName": "url",
              "property": {
                "$ref": "#p:7"
              }
            },
            {
              "fieldName": "bio",
              "property": {
                "$ref": "#p:8"
              }
            },
            {
              "fieldName": "poster",
              "property": {
                "$ref": "#p:9"
              }
            }
          ]
        },
        {
          "node": {
            "$ref": "#n:2"
          },
          "tableName": "recommendations-nodes-Movie.csv",
          "propertyMappings": [
            {
              "fieldName": "movieId",
              "property": {
                "$ref": "#p:10"
              }
            },
            {
              "fieldName": "title",
              "property": {
                "$ref": "#p:11"
              }
            },
            {
              "fieldName": "url",
              "property": {
                "$ref": "#p:12"
              }
            },
            {
              "fieldName": "runtime",
              "property": {
                "$ref": "#p:13"
              }
            },
            {
              "fieldName": "revenue",
              "property": {
                "$ref": "#p:14"
              }
            },
            {
              "fieldName": "budget",
              "property": {
                "$ref": "#p:15"
              }
            },
            {
              "fieldName": "imdbRating",
              "property": {
                "$ref": "#p:16"
              }
            },
            {
              "fieldName": "released",
              "property": {
                "$ref": "#p:17"
              }
            },
            {
              "fieldName": "countries",
              "property": {
                "$ref": "#p:18"
              }
            },
            {
              "fieldName": "languages",
              "property": {
                "$ref": "#p:19"
              }
            },
            {
              "fieldName": "plot",
              "property": {
                "$ref": "#p:20"
              }
            },
            {
              "fieldName": "imdbVotes",
              "property": {
                "$ref": "#p:21"
              }
            },
            {
              "fieldName": "imdbId",
              "property": {
                "$ref": "#p:22"
              }
            },
            {
              "fieldName": "year",
              "property": {
                "$ref": "#p:23"
              }
            },
            {
              "fieldName": "poster",
              "property": {
                "$ref": "#p:24"
              }
            },
            {
              "fieldName": "tmdbId",
              "property": {
                "$ref": "#p:25"
              }
            }
          ]
        },
        {
          "node": {
            "$ref": "#n:5"
          },
          "tableName": "extended-nodes-Stream.csv",
          "propertyMappings": [
            {
              "property": {
                "$ref": "#p:34"
              },
              "fieldName": "streamId"
            },
            {
              "property": {
                "$ref": "#p:35"
              },
              "fieldName": "startTime"
            },
            {
              "property": {
                "$ref": "#p:36"
              },
              "fieldName": "completed"
            }
          ]
        },
        {
          "node": {
            "$ref": "#n:4"
          },
          "tableName": "recommendations-nodes-Genre.csv",
          "propertyMappings": [
            {
              "property": {
                "$ref": "#p:28"
              },
              "fieldName": "name"
            }
          ]
        },
        {
          "node": {
            "$ref": "#n:3"
          },
          "tableName": "extended-nodes-User.csv",
          "propertyMappings": [
            {
              "fieldName": "userId",
              "property": {
                "$ref": "#p:26"
              }
            },
            {
              "fieldName": "name",
              "property": {
                "$ref": "#p:27"
              }
            },
            {
              "fieldName": "postal_address",
              "property": {
                "$ref": "#p:31"
              }
            },
            {
              "fieldName": "email",
              "property": {
                "$ref": "#p:32"
              }
            },
            {
              "fieldName": "phone",
              "property": {
                "$ref": "#p:33"
              }
            }
          ]
        },
        {
          "node": {
            "$ref": "#n:6"
          },
          "tableName": "extended-nodes-Address.csv",
          "propertyMappings": [
            {
              "fieldName": "postal_address",
              "property": {
                "$ref": "#p:39"
              }
            },
            {
              "fieldName": "street",
              "property": {
                "$ref": "#p:40"
              }
            },
            {
              "fieldName": "city",
              "property": {
                "$ref": "#p:41"
              }
            },
            {
              "fieldName": "state",
              "property": {
                "$ref": "#p:42"
              }
            },
            {
              "fieldName": "zip_code",
              "property": {
                "$ref": "#p:43"
              }
            }
          ]
        }
      ],
      "relationshipMappings": [
        {
          "relationship": {
            "$ref": "#r:1"
          },
          "tableName": "recommendations-relationships-ACTED_IN.csv",
          "propertyMappings": [
            {
              "fieldName": "role",
              "property": {
                "$ref": "#p:29"
              }
            }
          ],
          "fromMapping": {
            "fieldName": "person_tmdbId"
          },
          "toMapping": {
            "fieldName": "movie_movieId"
          }
        },
        {
          "relationship": {
            "$ref": "#r:2"
          },
          "tableName": "recommendations-relationships-DIRECTED.csv",
          "propertyMappings": [],
          "fromMapping": {
            "fieldName": "person_tmdbId"
          },
          "toMapping": {
            "fieldName": "movie_movieId"
          }
        },
        {
          "relationship": {
            "$ref": "#r:7"
          },
          "tableName": "extended-relationships-PURCHASED.csv",
          "propertyMappings": [
            {
              "fieldName": "cost",
              "property": {
                "$ref": "#p:37"
              }
            },
            {
              "fieldName": "timestamp",
              "property": {
                "$ref": "#p:38"
              }
            }
          ],
          "fromMapping": {
            "fieldName": "userId"
          },
          "toMapping": {
            "fieldName": "movieId"
          }
        },
        {
          "relationship": {
            "$ref": "#r:3"
          },
          "tableName": "recommendations-relationships-RATED.csv",
          "propertyMappings": [
            {
              "fieldName": "rating",
              "property": {
                "$ref": "#p:30"
              }
            }
          ],
          "fromMapping": {
            "fieldName": "user_userId"
          },
          "toMapping": {
            "fieldName": "movie_movieId"
          }
        },
        {
          "relationship": {
            "$ref": "#r:5"
          },
          "tableName": "extended-nodes-Stream.csv",
          "propertyMappings": [],
          "fromMapping": {
            "fieldName": "userId"
          },
          "toMapping": {
            "fieldName": "streamId"
          }
        },
        {
          "relationship": {
            "$ref": "#r:6"
          },
          "tableName": "extended-nodes-Stream.csv",
          "propertyMappings": [],
          "fromMapping": {
            "fieldName": "streamId"
          },
          "toMapping": {
            "fieldName": "movieId"
          }
        },
        {
          "relationship": {
            "$ref": "#r:4"
          },
          "tableName": "recommendations-relationships-IN_GENRE.csv",
          "propertyMappings": [],
          "fromMapping": {
            "fieldName": "movie_movieId"
          },
          "toMapping": {
            "fieldName": "genre_name"
          }
        },
        {
          "relationship": {
            "$ref": "#r:8"
          },
          "tableName": "extended-nodes-User.csv",
          "propertyMappings": [],
          "fromMapping": {
            "fieldName": "userId"
          },
          "toMapping": {
            "fieldName": "postal_address"
          }
        }
      ]
    },
    "configurations": {
      "idsToIgnore": []
    }
  }
}